{
  "id": "[YOUR_NAME_HERE]-hello",
  "instances": 1,
  "cpus": 0.1,
  "mem": 32,
  "cmd": "python app.py",
  "container": {
    "type": "DOCKER",
    "docker": {
      "image": "training/webapp",
      "network": "HOST",
      "portMappings": [
          {
              "containerPort": 80,
              "hostPort": 0,
              "protocol": "tcp"
          }
      ],
      "forcePullImage": true
    }
  },
  "upgradeStrategy": {
    "minimumHealthCapacity": 0,
    "maximumOverCapacity": 0
  }
}
