frame,landmark,x,y,z
0,LEFT_ANKLE,0.349780112504959,0.776016354560852,0.809350669384003
0,LEFT_ELBOW,0.533400535583496,0.386811882257461,0.201202735304832
0,LEFT_HEEL,0.3104327917099,0.797353804111481,0.83414614200592
0,LEFT_HIP,0.483380526304245,0.497805595397949,0.164878621697426
0,LEFT_KNEE,0.438726782798767,0.659297585487366,0.504029750823975
0,LEFT_SHOULDER,0.538825750350952,0.249236389994621,0.0599263422191143
0,LEFT_WRIST,0.591240286827087,0.490686982870102,0.164610117673874
0,RIGHT_ANKLE,0.618042826652527,0.856135189533234,-0.135423794388771
0,RIGHT_ELBOW,0.386918902397156,0.375380426645279,-0.535447061061859
0,RIGHT_HEEL,0.604177713394165,0.889153003692627,-0.14511826634407
0,RIGHT_HIP,0.446243196725845,0.502838134765625,-0.164946138858795
0,RIGHT_KNEE,0.532660722732544,0.678557813167572,-0.143991082906723
0,RIGHT_SHOULDER,0.441673189401627,0.221320942044258,-0.479289799928665
0,RIGHT_WRIST,0.422433912754059,0.517114818096161,-0.55003035068512
1,LEFT_ANKLE,0.349885195493698,0.77572762966156,0.808966338634491
1,LEFT_ELBOW,0.539166271686554,0.386577159166336,0.222091495990753
1,LEFT_HEEL,0.311205476522446,0.796838700771332,0.833207011222839
1,LEFT_HIP,0.482580840587616,0.495859384536743,0.185448557138443
1,LEFT_KNEE,0.44454899430275,0.659883677959442,0.503820955753326
1,LEFT_SHOULDER,0.538870632648468,0.247476413846016,0.100355066359043
1,LEFT_WRIST,0.592350721359253,0.490946233272552,0.166892111301422
1,RIGHT_ANKLE,0.617852807044983,0.854970812797546,-0.239999994635582
1,RIGHT_ELBOW,0.388257205486298,0.374626636505127,-0.587443768978119
1,RIGHT_HEEL,0.603836238384247,0.888739049434662,-0.254394203424454
1,RIGHT_HIP,0.44476979970932,0.49938952922821,-0.185494348406792
1,RIGHT_KNEE,0.532713294029236,0.677047193050385,-0.219691678881645
1,RIGHT_SHOULDER,0.442366808652878,0.220925256609917,-0.516484260559082
1,RIGHT_WRIST,0.422276854515076,0.516240000724792,-0.593840777873993
2,LEFT_ANKLE,0.350006341934204,0.775528848171234,0.805266201496124
2,LEFT_ELBOW,0.542097091674805,0.386373996734619,0.22763729095459
2,LEFT_HEEL,0.31169804930687,0.796748161315918,0.828529953956604
2,LEFT_HIP,0.482465982437134,0.494813770055771,0.191190779209137
2,LEFT_KNEE,0.4475437104702,0.660382211208344,0.501953780651093
2,LEFT_SHOULDER,0.538909196853638,0.24687348306179,0.108629427850246
2,LEFT_WRIST,0.593140721321106,0.491223394870758,0.166989043354988
2,RIGHT_ANKLE,0.617776095867157,0.854564189910889,-0.250116527080536
2,RIGHT_ELBOW,0.388907134532928,0.373833566904068,-0.596164464950562
2,RIGHT_HEEL,0.60326075553894,0.888673007488251,-0.264533877372742
2,RIGHT_HIP,0.443416833877563,0.49751490354538,-0.191227003931999
2,RIGHT_KNEE,0.532718181610107,0.676414251327515,-0.230017066001892
2,RIGHT_SHOULDER,0.443247854709625,0.220496326684952,-0.522796154022217
2,RIGHT_WRIST,0.422074884176254,0.515547096729279,-0.603273689746857
3,LEFT_ANKLE,0.344903886318207,0.773108601570129,0.727094292640686
3,LEFT_ELBOW,0.54168176651001,0.38514655828476,0.259261608123779
3,LEFT_HEEL,0.304201602935791,0.791842877864838,0.74797385931015
3,LEFT_HIP,0.482089787721634,0.494623243808746,0.191898167133331
3,LEFT_KNEE,0.447274267673492,0.662632346153259,0.451980382204056
3,LEFT_SHOULDER,0.53641015291214,0.246212482452392,0.143132284283638
3,LEFT_WRIST,0.585748493671417,0.49390909075737,0.206605970859528
3,RIGHT_ANKLE,0.610447764396667,0.854650378227234,-0.217593297362327
3,RIGHT_ELBOW,0.388912916183472,0.373654216527939,-0.582495093345642
3,RIGHT_HEEL,0.596458554267883,0.888133823871613,-0.231390625238418
3,RIGHT_HIP,0.441080987453461,0.497120052576065,-0.191918507218361
3,RIGHT_KNEE,0.532104015350342,0.675227522850037,-0.212053343653679
3,RIGHT_SHOULDER,0.442474454641342,0.219791024923325,-0.515415191650391
3,RIGHT_WRIST,0.420650094747543,0.517816424369812,-0.600742697715759
4,LEFT_ANKLE,0.334757536649704,0.768240571022034,0.681787729263306
4,LEFT_ELBOW,0.538669288158417,0.385155528783798,0.246390417218208
4,LEFT_HEEL,0.288785696029663,0.781563520431519,0.703193545341492
4,LEFT_HIP,0.482107907533646,0.49560284614563,0.185116812586784
4,LEFT_KNEE,0.447571098804474,0.667803883552551,0.416151136159897
4,LEFT_SHOULDER,0.530294120311737,0.244823530316353,0.12449262291193
4,LEFT_WRIST,0.576018750667572,0.498275071382523,0.21614308655262
4,RIGHT_ANKLE,0.600640475749969,0.855525374412537,-0.0885989442467689
4,RIGHT_ELBOW,0.388932317495346,0.373835563659668,-0.562905192375183
4,RIGHT_HEEL,0.580673336982727,0.888172209262848,-0.0916588082909584
4,RIGHT_HIP,0.44116872549057,0.498098731040955,-0.185128346085548
4,RIGHT_KNEE,0.531888067722321,0.678334712982178,-0.159039303660393
4,RIGHT_SHOULDER,0.442073881626129,0.219173967838287,-0.497129648923874
4,RIGHT_WRIST,0.41846153140068,0.522312998771667,-0.553838551044464
5,LEFT_ANKLE,0.325064092874527,0.764358460903168,0.691919028759003
5,LEFT_ELBOW,0.533041417598724,0.386309653520584,0.24316780269146
5,LEFT_HEEL,0.278077989816666,0.774024426937103,0.712995529174805
5,LEFT_HIP,0.4853875041008,0.497317880392075,0.184773042798042
5,LEFT_KNEE,0.449970543384552,0.671118497848511,0.419053822755814
5,LEFT_SHOULDER,0.529890239238739,0.244490087032318,0.136358737945557
5,LEFT_WRIST,0.566146790981293,0.501320958137512,0.208557218313217
5,RIGHT_ANKLE,0.582337558269501,0.85842376947403,-0.106923893094063
5,RIGHT_ELBOW,0.389165043830872,0.373837858438492,-0.551222860813141
5,RIGHT_HEEL,0.559808492660522,0.88866126537323,-0.102599285542965
5,RIGHT_HIP,0.441156536340714,0.498175173997879,-0.184734255075455
5,RIGHT_KNEE,0.52875679731369,0.678321301937103,-0.178373515605927
5,RIGHT_SHOULDER,0.441790580749512,0.218516439199448,-0.481803387403488
5,RIGHT_WRIST,0.417935460805893,0.524838924407959,-0.537932515144348
6,LEFT_ANKLE,0.320983231067657,0.761240124702454,0.659531831741333
6,LEFT_ELBOW,0.507724702358246,0.386288911104202,0.232319638133049
6,LEFT_HEEL,0.276961505413055,0.766840755939484,0.680071473121643
6,LEFT_HIP,0.488135099411011,0.498533189296722,0.181155607104301
6,LEFT_KNEE,0.458867520093918,0.676791310310364,0.398296713829041
6,LEFT_SHOULDER,0.524681866168976,0.242764458060265,0.125300049781799
6,LEFT_WRIST,0.533328831195831,0.502833902835846,0.21127025783062
6,RIGHT_ANKLE,0.555329442024231,0.860383152961731,0.0302434023469686
6,RIGHT_ELBOW,0.389551252126694,0.374835193157196,-0.568090438842773
6,RIGHT_HEEL,0.527207136154175,0.890574038028717,0.0371524058282375
6,RIGHT_HIP,0.441585928201675,0.499354183673859,-0.181088015437126
6,RIGHT_KNEE,0.521378338336945,0.684410214424133,-0.108147047460079
6,RIGHT_SHOULDER,0.441471338272095,0.218395859003067,-0.506375074386597
6,RIGHT_WRIST,0.417972415685654,0.527520537376404,-0.532865405082703
7,LEFT_ANKLE,0.320884495973587,0.757155478000641,0.651196360588074
7,LEFT_ELBOW,0.478916078805923,0.38082617521286,0.220843717455864
7,LEFT_HEEL,0.278644323348999,0.754543602466583,0.67231684923172
7,LEFT_HIP,0.48808678984642,0.49789234995842,0.182355374097824
7,LEFT_KNEE,0.472043335437775,0.675328433513641,0.39638164639473
7,LEFT_SHOULDER,0.510323345661163,0.23532235622406,0.119933590292931
7,LEFT_WRIST,0.501697361469269,0.49870428442955,0.207987204194069
7,RIGHT_ANKLE,0.538522243499756,0.861029922962189,0.0872052162885665
7,RIGHT_ELBOW,0.389730393886566,0.375110805034637,-0.594454944133759
7,RIGHT_HEEL,0.503682315349579,0.891776502132416,0.0979923978447914
7,RIGHT_HIP,0.441653192043304,0.499398201704025,-0.1822749376297
7,RIGHT_KNEE,0.517263770103455,0.683949530124664,-0.0851507782936096
7,RIGHT_SHOULDER,0.439616113901138,0.217757314443588,-0.542562425136566
7,RIGHT_WRIST,0.419379472732544,0.527892529964447,-0.536825478076935
8,LEFT_ANKLE,0.322734028100967,0.755298256874084,0.59675407409668
8,LEFT_ELBOW,0.474399656057358,0.375218719244003,0.202939704060555
8,LEFT_HEEL,0.280564665794373,0.756165444850922,0.615726053714752
8,LEFT_HIP,0.487958550453186,0.497124493122101,0.181829378008842
8,LEFT_KNEE,0.482338458299637,0.675600469112396,0.35295382142067
8,LEFT_SHOULDER,0.499072283506393,0.225483223795891,0.102069593966007
8,LEFT_WRIST,0.493331611156464,0.495932668447495,0.214496493339538
8,RIGHT_ANKLE,0.519185245037079,0.861693263053894,0.198302298784256
8,RIGHT_ELBOW,0.389485031366348,0.374674379825592,-0.602610290050507
8,RIGHT_HEEL,0.483099937438965,0.892130851745605,0.215425297617912
8,RIGHT_HIP,0.445931077003479,0.499375849962234,-0.181761205196381
8,RIGHT_KNEE,0.499696373939514,0.685044646263123,-0.0328648686408996
8,RIGHT_SHOULDER,0.437831670045853,0.212779596447945,-0.562194168567657
8,RIGHT_WRIST,0.422611176967621,0.52778559923172,-0.532716751098633
9,LEFT_ANKLE,0.323128581047058,0.756425201892853,0.556314170360565
9,LEFT_ELBOW,0.471014589071274,0.371875166893005,0.194151356816292
9,LEFT_HEEL,0.281910091638565,0.755312323570251,0.572314143180847
9,LEFT_HIP,0.484379261732101,0.496788829565048,0.181531369686127
9,LEFT_KNEE,0.492773950099945,0.671078324317932,0.337125480175018
9,LEFT_SHOULDER,0.496145397424698,0.222233936190605,0.0980381742119789
9,LEFT_WRIST,0.498469710350037,0.49457848072052,0.211348250508308
9,RIGHT_ANKLE,0.496173411607742,0.862212181091309,0.141931965947151
9,RIGHT_ELBOW,0.389054626226425,0.371080249547958,-0.597844183444977
9,RIGHT_HEEL,0.459245681762695,0.89453399181366,0.153208777308464
9,RIGHT_HIP,0.441080331802368,0.498699307441711,-0.181456133723259
9,RIGHT_KNEE,0.495421797037125,0.684403419494629,-0.0513452738523483
9,RIGHT_SHOULDER,0.433714270591736,0.206786796450615,-0.555622458457947
9,RIGHT_WRIST,0.428664803504944,0.527588188648224,-0.52842116355896
10,LEFT_ANKLE,0.350966215133667,0.766147911548615,0.64229816198349
10,LEFT_ELBOW,0.474517226219177,0.368096798658371,0.184221521019936
10,LEFT_HEEL,0.310060322284698,0.760875105857849,0.668229460716248
10,LEFT_HIP,0.478541523218155,0.499661505222321,0.184769093990326
10,LEFT_KNEE,0.49861153960228,0.672374665737152,0.354172587394714
10,LEFT_SHOULDER,0.492324978113174,0.218709960579872,0.0728552564978599
10,LEFT_WRIST,0.501520216464996,0.491239309310913,0.190415546298027
10,RIGHT_ANKLE,0.463223069906235,0.863598167896271,0.27217635512352
10,RIGHT_ELBOW,0.388613194227219,0.367119640111923,-0.655724763870239
10,RIGHT_HEEL,0.434795528650284,0.897189080715179,0.290146321058273
10,RIGHT_HIP,0.431031793355942,0.502021133899689,-0.184669241309166
10,RIGHT_KNEE,0.47734871506691,0.695665836334229,0.0070400582626461
10,RIGHT_SHOULDER,0.431931436061859,0.202969923615456,-0.611393451690674
10,RIGHT_WRIST,0.438213855028152,0.527554094791412,-0.579967856407166
11,LEFT_ANKLE,0.428926706314087,0.807921826839447,0.619359076023102
11,LEFT_ELBOW,0.478708416223526,0.364390075206757,0.18926639854908
11,LEFT_HEEL,0.392419695854187,0.834354341030121,0.638480722904205
11,LEFT_HIP,0.477250754833221,0.499675869941711,0.18761034309864
11,LEFT_KNEE,0.526312828063965,0.671427726745605,0.357244551181793
11,LEFT_SHOULDER,0.49451357126236,0.216419816017151,0.0745917782187461
11,LEFT_WRIST,0.501697719097137,0.487906724214554,0.171604633331299
11,RIGHT_ANKLE,0.445499330759048,0.864976108074188,0.197472348809242
11,RIGHT_ELBOW,0.388498187065125,0.364587694406509,-0.673567235469818
11,RIGHT_HEEL,0.417833715677261,0.899381875991821,0.209604784846306
11,RIGHT_HIP,0.416143327951431,0.501290082931519,-0.187434956431389
11,RIGHT_KNEE,0.449835330247879,0.699041903018951,-0.0269472654908895
11,RIGHT_SHOULDER,0.431769281625748,0.199404492974281,-0.61969518661499
11,RIGHT_WRIST,0.448435992002487,0.527512013912201,-0.609024226665497
12,LEFT_ANKLE,0.450599312782288,0.825326859951019,0.633895397186279
12,LEFT_ELBOW,0.474506229162216,0.366122156381607,0.193084791302681
12,LEFT_HEEL,0.408190310001373,0.841589570045471,0.655528247356415
12,LEFT_HIP,0.477350890636444,0.501159131526947,0.193076714873314
12,LEFT_KNEE,0.559646189212799,0.670744895935059,0.329273015260696
12,LEFT_SHOULDER,0.494320780038834,0.216201886534691,0.0765106230974197
12,LEFT_WRIST,0.496578603982925,0.488172799348831,0.167645946145058
12,RIGHT_ANKLE,0.43169316649437,0.866289079189301,0.222599253058434
12,RIGHT_ELBOW,0.389231711626053,0.36506113409996,-0.754793345928192
12,RIGHT_HEEL,0.400067538022995,0.90255481004715,0.238149598240852
12,RIGHT_HIP,0.414259523153305,0.501303315162659,-0.192846670746803
12,RIGHT_KNEE,0.43985652923584,0.699393332004547,-0.0386417992413044
12,RIGHT_SHOULDER,0.431962668895721,0.199352473020554,-0.684116840362549
12,RIGHT_WRIST,0.463787466287613,0.527161121368408,-0.70416784286499
13,LEFT_ANKLE,0.47979861497879,0.811406552791595,0.638765752315521
13,LEFT_ELBOW,0.474790126085281,0.365058034658432,0.194533631205559
13,LEFT_HEEL,0.435092985630035,0.829621315002441,0.658065140247345
13,LEFT_HIP,0.479163616895676,0.500860571861267,0.194732755422592
13,LEFT_KNEE,0.578855693340302,0.670095086097717,0.322815299034119
13,LEFT_SHOULDER,0.492057591676712,0.212347701191902,0.0649416670203208
13,LEFT_WRIST,0.501588523387909,0.483886927366257,0.161331981420517
13,RIGHT_ANKLE,0.409085869789123,0.866180062294006,0.233988165855408
13,RIGHT_ELBOW,0.389482110738754,0.364955842494965,-0.759417414665222
13,RIGHT_HEEL,0.380136460065842,0.901976704597473,0.251874178647995
13,RIGHT_HIP,0.412335127592087,0.501203179359436,-0.194511190056801
13,RIGHT_KNEE,0.430992990732193,0.69831645488739,-0.0502031967043876
13,RIGHT_SHOULDER,0.431149125099182,0.198257923126221,-0.697411060333252
13,RIGHT_WRIST,0.475052624940872,0.526032984256744,-0.693333804607391
14,LEFT_ANKLE,0.505214750766754,0.825432121753693,0.621849358081818
14,LEFT_ELBOW,0.464452981948852,0.365906566381454,0.195752263069153
14,LEFT_HEEL,0.464901775121689,0.848695456981659,0.638622939586639
14,LEFT_HIP,0.477265805006027,0.50067526102066,0.198378920555115
14,LEFT_KNEE,0.576856970787048,0.668443024158478,0.328561216592789
14,LEFT_SHOULDER,0.48676460981369,0.213088870048523,0.0661790072917938
14,LEFT_WRIST,0.49294051527977,0.484111607074737,0.160797476768494
14,RIGHT_ANKLE,0.387334436178207,0.867370843887329,0.178294077515602
14,RIGHT_ELBOW,0.390588581562042,0.366824358701706,-0.756398141384125
14,RIGHT_HEEL,0.357521742582321,0.902120471000671,0.190582901239395
14,RIGHT_HIP,0.404159814119339,0.501181781291962,-0.198202013969421
14,RIGHT_KNEE,0.423955857753754,0.695183157920837,-0.0679614469408989
14,RIGHT_SHOULDER,0.427960246801376,0.199157655239105,-0.701314210891724
14,RIGHT_WRIST,0.483048588037491,0.525716960430145,-0.66995906829834
15,LEFT_ANKLE,0.552415072917938,0.835461497306824,0.692294597625732
15,LEFT_ELBOW,0.454934507608414,0.365835338830948,0.196446314454079
15,LEFT_HEEL,0.526727557182312,0.865067064762115,0.709108948707581
15,LEFT_HIP,0.472449690103531,0.499239414930344,0.206390395760536
15,LEFT_KNEE,0.567048192024231,0.668165981769562,0.373721241950989
15,LEFT_SHOULDER,0.477851271629333,0.211421892046928,0.0675137564539909
15,LEFT_WRIST,0.491155475378036,0.484516322612762,0.136862337589264
15,RIGHT_ANKLE,0.361853271722794,0.870694696903229,0.0762195587158203
15,RIGHT_ELBOW,0.391235083341599,0.366948664188385,-0.766340792179108
15,RIGHT_HEEL,0.324937850236893,0.904720187187195,0.0824832618236541
15,RIGHT_HIP,0.4036785364151,0.50008761882782,-0.206246808171272
15,RIGHT_KNEE,0.423257023096085,0.694958984851837,-0.124781392514706
15,RIGHT_SHOULDER,0.428141593933105,0.198345586657524,-0.699248611927032
15,RIGHT_WRIST,0.492074608802795,0.523425340652466,-0.680741965770721
16,LEFT_ANKLE,0.619867861270905,0.845896184444427,0.576313078403473
16,LEFT_ELBOW,0.448537111282349,0.365920335054398,0.189722895622253
16,LEFT_HEEL,0.588475406169891,0.882007479667664,0.586527943611145
16,LEFT_HIP,0.47003498673439,0.499069005250931,0.206980526447296
16,LEFT_KNEE,0.565301120281219,0.668156802654266,0.321180045604706
16,LEFT_SHOULDER,0.470781922340393,0.21129560470581,0.0696767270565033
16,LEFT_WRIST,0.490239888429642,0.485958755016327,0.115698486566543
16,RIGHT_ANKLE,0.342818766832352,0.873046219348907,0.142000779509544
16,RIGHT_ELBOW,0.392879217863083,0.367930442094803,-0.764271557331085
16,RIGHT_HEEL,0.310120791196823,0.906158149242401,0.155012503266335
16,RIGHT_HIP,0.400696873664856,0.499958634376526,-0.206866070628166
16,RIGHT_KNEE,0.399177819490433,0.69569331407547,-0.11386989057064
16,RIGHT_SHOULDER,0.428213119506836,0.198187351226807,-0.695855498313904
16,RIGHT_WRIST,0.498616427183151,0.523298561573029,-0.680432558059692
17,LEFT_ANKLE,0.666707694530487,0.85478812456131,0.597342967987061
17,LEFT_ELBOW,0.444474667310715,0.365320563316345,0.187804877758026
17,LEFT_HEEL,0.645655453205109,0.894593060016632,0.616913795471191
17,LEFT_HIP,0.460452735424042,0.49927031993866,0.220069006085396
17,LEFT_KNEE,0.559408962726593,0.675826072692871,0.333102226257324
17,LEFT_SHOULDER,0.467746436595917,0.209607109427452,0.0653018280863761
17,LEFT_WRIST,0.488176256418228,0.490411639213562,0.105941832065582
17,RIGHT_ANKLE,0.319369554519653,0.873462736606598,0.233781084418297
17,RIGHT_ELBOW,0.395122140645981,0.36804524064064,-0.848844051361084
17,RIGHT_HEEL,0.284684330224991,0.907105267047882,0.253682553768158
17,RIGHT_HIP,0.401425123214722,0.499966025352478,-0.220050364732742
17,RIGHT_KNEE,0.39405956864357,0.696155667304993,-0.112694025039673
17,RIGHT_SHOULDER,0.428882002830505,0.196599736809731,-0.771974682807922
17,RIGHT_WRIST,0.507934391498566,0.522578418254852,-0.765186369419098
18,LEFT_ANKLE,0.688282489776611,0.855881631374359,0.566970705986023
18,LEFT_ELBOW,0.439278900623321,0.365494787693024,0.188898101449013
18,LEFT_HEEL,0.679127931594849,0.896477222442627,0.578121602535248
18,LEFT_HIP,0.442183345556259,0.499320596456528,0.220589742064476
18,LEFT_KNEE,0.555122375488281,0.677426338195801,0.320832639932632
18,LEFT_SHOULDER,0.459032297134399,0.208359360694885,0.0671063736081123
18,LEFT_WRIST,0.487894773483276,0.49322122335434,0.118551269173622
18,RIGHT_ANKLE,0.304186254739761,0.874919235706329,0.223163023591042
18,RIGHT_ELBOW,0.400306791067123,0.3705914914608,-0.841361701488495
18,RIGHT_HEEL,0.26250746846199,0.908541798591614,0.241206601262093
18,RIGHT_HIP,0.402851939201355,0.499959170818329,-0.220602735877037
18,RIGHT_KNEE,0.387993574142456,0.696685910224915,-0.107581324875355
18,RIGHT_SHOULDER,0.431097388267517,0.196450501680374,-0.765703022480011
18,RIGHT_WRIST,0.513377368450165,0.523089230060577,-0.757199287414551
19,LEFT_ANKLE,0.628210783004761,0.889667868614197,0.475342959165573
19,LEFT_ELBOW,0.433855712413788,0.371263235807419,0.171132370829582
19,LEFT_HEEL,0.588103890419006,0.931074678897858,0.480034589767456
19,LEFT_HIP,0.428866744041443,0.504668414592743,0.219398722052574
19,LEFT_KNEE,0.512235581874847,0.682112872600555,0.28918194770813
19,LEFT_SHOULDER,0.454203844070435,0.208411693572998,0.0691251307725906
19,LEFT_WRIST,0.486461728811264,0.498745769262314,0.101132623851299
19,RIGHT_ANKLE,0.341805458068848,0.875040173530579,0.202223211526871
19,RIGHT_ELBOW,0.405619978904724,0.377960354089737,-0.83915501832962
19,RIGHT_HEEL,0.297681480646133,0.912556290626526,0.214376732707024
19,RIGHT_HIP,0.414543241262436,0.50351482629776,-0.219375640153885
19,RIGHT_KNEE,0.391906917095184,0.695795655250549,-0.0602849461138248
19,RIGHT_SHOULDER,0.437256872653961,0.197200909256935,-0.747308194637299
19,RIGHT_WRIST,0.517994523048401,0.526125311851501,-0.681869029998779
20,LEFT_ANKLE,0.588319480419159,0.893866002559662,0.526024520397186
20,LEFT_ELBOW,0.433968245983124,0.371721357107162,0.163055434823036
20,LEFT_HEEL,0.555161237716675,0.933707416057587,0.534449517726898
20,LEFT_HIP,0.425836563110352,0.506836652755737,0.21905055642128
20,LEFT_KNEE,0.516517043113708,0.685819804668427,0.306447595357895
20,LEFT_SHOULDER,0.4556685090065,0.208209112286568,0.0699743553996086
20,LEFT_WRIST,0.484447419643402,0.50227028131485,0.0888333097100257
20,RIGHT_ANKLE,0.349603772163391,0.87603884935379,0.232714623212814
20,RIGHT_ELBOW,0.408670753240585,0.380521804094315,-0.801845788955688
20,RIGHT_HEEL,0.314470052719116,0.914662957191467,0.24609337747097
20,RIGHT_HIP,0.426008015871048,0.506846129894257,-0.218929320573807
20,RIGHT_KNEE,0.400374531745911,0.695569157600403,-0.0430893898010253
20,RIGHT_SHOULDER,0.442178219556808,0.19745908677578,-0.72334498167038
20,RIGHT_WRIST,0.516306817531586,0.528401255607605,-0.668853044509888
21,LEFT_ANKLE,0.657471358776093,0.87684565782547,0.758218467235565
21,LEFT_ELBOW,0.437340080738068,0.371844708919525,0.163648381829262
21,LEFT_HEEL,0.642347395420074,0.915543496608734,0.777886569499969
21,LEFT_HIP,0.436694741249084,0.511531889438629,0.216659501194954
21,LEFT_KNEE,0.558490931987762,0.688739895820618,0.422281980514526
21,LEFT_SHOULDER,0.458450615406036,0.208128616213798,0.0304320082068443
21,LEFT_WRIST,0.485969454050064,0.50362503528595,0.0988133922219276
21,RIGHT_ANKLE,0.242612212896347,0.875892221927643,0.361150920391083
21,RIGHT_ELBOW,0.414088547229767,0.379895836114883,-0.858588397502899
21,RIGHT_HEEL,0.1907949000597,0.913234531879425,0.387360334396362
21,RIGHT_HIP,0.425222963094711,0.512011587619781,-0.216557785868645
21,RIGHT_KNEE,0.366690009832382,0.701951563358307,-0.0195698235183954
21,RIGHT_SHOULDER,0.446004956960678,0.197618618607521,-0.777270138263702
21,RIGHT_WRIST,0.511438310146332,0.529922544956207,-0.780094623565674
22,LEFT_ANKLE,0.6497842669487,0.872261703014374,0.783011078834534
22,LEFT_ELBOW,0.450259059667587,0.370426565408707,0.168150305747986
22,LEFT_HEEL,0.631737530231476,0.909830033779144,0.802479267120361
22,LEFT_HIP,0.476849168539047,0.512125611305237,0.219779163599014
22,LEFT_KNEE,0.578835010528564,0.691043496131897,0.435800105333328
22,LEFT_SHOULDER,0.477746516466141,0.208286300301552,0.0301016122102737
22,LEFT_WRIST,0.496088266372681,0.504689157009125,0.101874127984047
22,RIGHT_ANKLE,0.214708626270294,0.875819087028503,0.291906803846359
22,RIGHT_ELBOW,0.418646723031998,0.37785342335701,-0.882099449634552
22,RIGHT_HEEL,0.168333202600479,0.903952896595001,0.314372658729553
22,RIGHT_HIP,0.425126075744629,0.512533843517303,-0.219790607690811
22,RIGHT_KNEE,0.361292690038681,0.704557716846466,-0.0429322458803653
22,RIGHT_SHOULDER,0.447798013687134,0.197359025478363,-0.796702742576599
22,RIGHT_WRIST,0.510269641876221,0.532739877700806,-0.804727554321289
23,LEFT_ANKLE,0.634172141551971,0.876025974750519,0.881770312786102
23,LEFT_ELBOW,0.458991557359695,0.370455026626587,0.205388650298119
23,LEFT_HEEL,0.612069070339203,0.912193238735199,0.905905365943909
23,LEFT_HIP,0.500669002532959,0.514844954013824,0.238576054573059
23,LEFT_KNEE,0.580743968486786,0.695422530174255,0.48599961400032
23,LEFT_SHOULDER,0.487072229385376,0.207365602254867,0.0423915050923824
23,LEFT_WRIST,0.499629378318787,0.507358014583588,0.107092201709747
23,RIGHT_ANKLE,0.204138949513435,0.874351620674133,0.380164861679077
23,RIGHT_ELBOW,0.420144945383072,0.375916868448257,-0.93234795331955
23,RIGHT_HEEL,0.158273562788963,0.889900922775269,0.413351982831955
23,RIGHT_HIP,0.427938848733902,0.514054596424103,-0.238745242357254
23,RIGHT_KNEE,0.360177427530289,0.716214179992676,-0.0461069233715534
23,RIGHT_SHOULDER,0.451667934656143,0.195478200912476,-0.823665797710419
23,RIGHT_WRIST,0.50522768497467,0.53444516658783,-0.869515597820282
24,LEFT_ANKLE,0.618193984031677,0.876721799373627,0.808880865573883
24,LEFT_ELBOW,0.46893236041069,0.369306832551956,0.256324172019958
24,LEFT_HEEL,0.596108794212341,0.91088330745697,0.829328000545502
24,LEFT_HIP,0.503663003444672,0.511012017726898,0.251018553972244
24,LEFT_KNEE,0.579933941364288,0.693785429000854,0.451754570007324
24,LEFT_SHOULDER,0.490737915039062,0.204598948359489,0.0991571024060249
24,LEFT_WRIST,0.508121967315674,0.505259573459625,0.155553534626961
24,RIGHT_ANKLE,0.202124044299126,0.866910338401794,0.314288407564163
24,RIGHT_ELBOW,0.419865846633911,0.368791699409485,-0.900571525096893
24,RIGHT_HEEL,0.160341218113899,0.874473631381989,0.338887602090836
24,RIGHT_HIP,0.429351568222046,0.511443853378296,-0.251205831766128
24,RIGHT_KNEE,0.372048944234848,0.718709528446198,-0.0892336070537567
24,RIGHT_SHOULDER,0.451527684926987,0.190939873456955,-0.798174858093262
24,RIGHT_WRIST,0.491143822669983,0.533903121948242,-0.834769606590271
25,LEFT_ANKLE,0.610843181610107,0.877328217029572,0.647058010101318
25,LEFT_ELBOW,0.472611337900162,0.365400850772858,0.305401891469955
25,LEFT_HEEL,0.572537958621979,0.911388099193573,0.658770143985748
25,LEFT_HIP,0.505615413188934,0.510352730751038,0.243659749627113
25,LEFT_KNEE,0.577872753143311,0.699312567710876,0.361186593770981
25,LEFT_SHOULDER,0.492327988147736,0.201790198683739,0.159210115671158
25,LEFT_WRIST,0.509976744651794,0.498106479644775,0.254513323307037
25,RIGHT_ANKLE,0.219002217054367,0.851952850818634,0.0432166680693626
25,RIGHT_ELBOW,0.419490486383438,0.360424488782883,-0.802899897098541
25,RIGHT_HEEL,0.178772374987602,0.849142670631409,0.0595286600291729
25,RIGHT_HIP,0.439190715551376,0.510538101196289,-0.243791610002518
25,RIGHT_KNEE,0.417285472154617,0.721373736858368,-0.214686095714569
25,RIGHT_SHOULDER,0.450972646474838,0.186193361878395,-0.70084685087204
25,RIGHT_WRIST,0.477072715759277,0.531644225120544,-0.743878841400146
26,LEFT_ANKLE,0.551596522331238,0.880767524242401,0.615849018096924
26,LEFT_ELBOW,0.471360713243484,0.363714784383774,0.276942521333694
26,LEFT_HEEL,0.524840831756592,0.918282389640808,0.628960907459259
26,LEFT_HIP,0.500251770019531,0.510367393493652,0.240316271781921
26,LEFT_KNEE,0.540560245513916,0.700597167015076,0.330627709627151
26,LEFT_SHOULDER,0.486370891332626,0.198927834630013,0.163235902786255
26,LEFT_WRIST,0.504655122756958,0.495109111070633,0.210485532879829
26,RIGHT_ANKLE,0.24270424246788,0.844801485538483,0.135943055152893
26,RIGHT_ELBOW,0.416539162397385,0.359868913888931,-0.777530193328857
26,RIGHT_HEEL,0.202101990580559,0.841939926147461,0.155929312109947
26,RIGHT_HIP,0.450388967990875,0.510319352149963,-0.240422621369362
26,RIGHT_KNEE,0.461832344532013,0.720855295658112,-0.167285472154617
26,RIGHT_SHOULDER,0.450555741786957,0.186290919780731,-0.677572250366211
26,RIGHT_WRIST,0.467107325792313,0.530872583389282,-0.703023135662079
27,LEFT_ANKLE,0.527452528476715,0.88127601146698,0.582547307014465
27,LEFT_ELBOW,0.470990389585495,0.363788276910782,0.244722738862038
27,LEFT_HEEL,0.49808669090271,0.920619606971741,0.595112144947052
27,LEFT_HIP,0.497042149305344,0.513177812099457,0.201678767800331
27,LEFT_KNEE,0.526855826377869,0.707760453224182,0.314218461513519
27,LEFT_SHOULDER,0.486133933067322,0.199662446975708,0.139882996678352
27,LEFT_WRIST,0.502999782562256,0.496746927499771,0.198920458555222
27,RIGHT_ANKLE,0.251045793294907,0.840773284435272,0.178839564323425
27,RIGHT_ELBOW,0.409893482923508,0.360159665346146,-0.705532848834991
27,RIGHT_HEEL,0.208793058991432,0.842851758003235,0.202067121863365
27,RIGHT_HIP,0.451822072267532,0.511815786361694,-0.201665282249451
27,RIGHT_KNEE,0.492843389511108,0.723280310630798,-0.102004058659077
27,RIGHT_SHOULDER,0.448209524154663,0.186369270086288,-0.611951172351837
27,RIGHT_WRIST,0.461594015359878,0.530339181423187,-0.6443852186203
28,LEFT_ANKLE,0.464678972959518,0.881915807723999,0.535983443260193
28,LEFT_ELBOW,0.475302994251251,0.365283906459808,0.246913313865662
28,LEFT_HEEL,0.444877028465271,0.920784771442413,0.544570446014404
28,LEFT_HIP,0.482230544090271,0.513414621353149,0.20038366317749
28,LEFT_KNEE,0.50371789932251,0.708050787448883,0.301574438810349
28,LEFT_SHOULDER,0.486040502786636,0.199911996722221,0.165082812309265
28,LEFT_WRIST,0.502363681793213,0.498924255371094,0.188230365514755
28,RIGHT_ANKLE,0.312058568000793,0.843575298786163,0.143664672970772
28,RIGHT_ELBOW,0.406238257884979,0.360306143760681,-0.655332565307617
28,RIGHT_HEEL,0.250689119100571,0.852359712123871,0.164469718933105
28,RIGHT_HIP,0.449645608663559,0.511811554431915,-0.200306504964828
28,RIGHT_KNEE,0.524479568004608,0.721631467342377,-0.123778142035007
28,RIGHT_SHOULDER,0.447039902210236,0.185725897550583,-0.56752073764801
28,RIGHT_WRIST,0.460496813058853,0.529945433139801,-0.598860085010529
29,LEFT_ANKLE,0.399836927652359,0.870268881320953,0.539403915405273
29,LEFT_ELBOW,0.474568367004394,0.365393161773682,0.259263038635254
29,LEFT_HEEL,0.35786372423172,0.891463816165924,0.54993599653244
29,LEFT_HIP,0.455745548009872,0.513415992259979,0.202024132013321
29,LEFT_KNEE,0.511117458343506,0.707522690296173,0.312318354845047
29,LEFT_SHOULDER,0.476292222738266,0.197464913129806,0.183178067207336
29,LEFT_WRIST,0.490251630544662,0.501830518245697,0.215800240635872
29,RIGHT_ANKLE,0.358037054538727,0.859054803848267,0.124323055148125
29,RIGHT_ELBOW,0.404042392969131,0.360598236322403,-0.607308149337769
29,RIGHT_HEEL,0.307242751121521,0.871711015701294,0.146181777119637
29,RIGHT_HIP,0.448284506797791,0.51216721534729,-0.20191378891468
29,RIGHT_KNEE,0.539731204509735,0.72189074754715,-0.125770136713982
29,RIGHT_SHOULDER,0.447182416915893,0.185943841934204,-0.540819942951202
29,RIGHT_WRIST,0.459898501634598,0.529872119426727,-0.532603144645691
30,LEFT_ANKLE,0.423628956079483,0.869203984737396,0.53623765707016
30,LEFT_ELBOW,0.466332197189331,0.364723831415176,0.273108333349228
30,LEFT_HEEL,0.38077700138092,0.891063570976257,0.547088205814362
30,LEFT_HIP,0.446929037570953,0.512782633304596,0.203442469239235
30,LEFT_KNEE,0.514847159385681,0.706148982048035,0.314237505197525
30,LEFT_SHOULDER,0.46180909872055,0.195177674293518,0.187469929456711
30,LEFT_WRIST,0.476273745298386,0.503992795944214,0.234789967536926
30,RIGHT_ANKLE,0.387667179107666,0.866422653198242,0.128894597291946
30,RIGHT_ELBOW,0.401139616966248,0.360415071249008,-0.627758681774139
30,RIGHT_HEEL,0.33851569890976,0.881961166858673,0.150630354881287
30,RIGHT_HIP,0.44505113363266,0.511391222476959,-0.203349083662033
30,RIGHT_KNEE,0.542419254779816,0.7178835272789,-0.128480434417725
30,RIGHT_SHOULDER,0.442269772291183,0.185678958892822,-0.564852952957153
30,RIGHT_WRIST,0.457976549863815,0.529254376888275,-0.552053153514862
31,LEFT_ANKLE,0.44553542137146,0.873062372207642,0.513103246688843
31,LEFT_ELBOW,0.449692130088806,0.35920250415802,0.310448795557022
31,LEFT_HEEL,0.399034947156906,0.898801624774933,0.522444665431976
31,LEFT_HIP,0.430381327867508,0.510537505149841,0.204286903142929
31,LEFT_KNEE,0.518101930618286,0.705274939537048,0.308740973472595
31,LEFT_SHOULDER,0.452980399131775,0.192625388503075,0.219394460320473
31,LEFT_WRIST,0.474182993173599,0.501221179962158,0.259522467851639
31,RIGHT_ANKLE,0.443509191274643,0.877156019210815,0.110439427196979
31,RIGHT_ELBOW,0.396962255239487,0.357237905263901,-0.607117831707001
31,RIGHT_HEEL,0.386932164430618,0.904904663562775,0.131561100482941
31,RIGHT_HIP,0.441793382167816,0.506198644638062,-0.204198881983757
31,RIGHT_KNEE,0.563035309314728,0.704686641693115,-0.140749260783195
31,RIGHT_SHOULDER,0.432608902454376,0.184170767664909,-0.550241827964783
31,RIGHT_WRIST,0.452726662158966,0.526582002639771,-0.531208395957947
32,LEFT_ANKLE,0.435031831264496,0.878569483757019,0.487430214881897
32,LEFT_ELBOW,0.447027772665024,0.35405433177948,0.305281043052673
32,LEFT_HEEL,0.397647947072983,0.908907175064087,0.493651956319809
32,LEFT_HIP,0.397866129875183,0.507722496986389,0.193071201443672
32,LEFT_KNEE,0.442326307296753,0.703544199466705,0.310650706291199
32,LEFT_SHOULDER,0.436429530382156,0.189466044306755,0.204673558473587
32,LEFT_WRIST,0.475476711988449,0.49141588807106,0.211625650525093
32,RIGHT_ANKLE,0.525604128837585,0.884323239326477,0.128328680992126
32,RIGHT_ELBOW,0.393951267004013,0.354161471128464,-0.494951844215393
32,RIGHT_HEEL,0.483887583017349,0.913628697395325,0.149433106184006
32,RIGHT_HIP,0.44341966509819,0.502139985561371,-0.193248197436333
32,RIGHT_KNEE,0.589844584465027,0.693241000175476,-0.124614991247654
32,RIGHT_SHOULDER,0.432141870260239,0.183334335684776,-0.449255645275116
32,RIGHT_WRIST,0.44973811507225,0.525550603866577,-0.417393386363983
33,LEFT_ANKLE,0.351044267416,0.897536158561707,0.35363307595253
33,LEFT_ELBOW,0.448597759008408,0.350802034139633,0.291729032993317
33,LEFT_HEEL,0.312910139560699,0.937149107456207,0.351903200149536
33,LEFT_HIP,0.384022116661072,0.505830347537994,0.194854587316513
33,LEFT_KNEE,0.407695680856705,0.702151000499725,0.274872064590454
33,LEFT_SHOULDER,0.428157895803451,0.188782706856728,0.198257431387901
33,LEFT_WRIST,0.519061982631683,0.473976135253906,0.220867931842804
33,RIGHT_ANKLE,0.584788382053375,0.89237654209137,0.232751742005348
33,RIGHT_ELBOW,0.390745937824249,0.354535907506943,-0.534548938274384
33,RIGHT_HEEL,0.559579253196716,0.926662504673004,0.257982343435287
33,RIGHT_HIP,0.444113075733185,0.501468122005463,-0.19496463239193
33,RIGHT_KNEE,0.589140713214874,0.688732743263245,-0.0517616681754589
33,RIGHT_SHOULDER,0.432565987110138,0.18345046043396,-0.49020129442215
33,RIGHT_WRIST,0.446337550878525,0.525566637516022,-0.441563040018082
34,LEFT_ANKLE,0.322225689888,0.902785062789917,0.422926813364029
34,LEFT_ELBOW,0.449555635452271,0.351594150066376,0.284020811319351
34,LEFT_HEEL,0.286485433578491,0.938734710216522,0.426179796457291
34,LEFT_HIP,0.388049006462097,0.50465452671051,0.195596307516098
34,LEFT_KNEE,0.393258780241013,0.702238500118256,0.286943525075912
34,LEFT_SHOULDER,0.433077603578568,0.18926714360714,0.19468255341053
34,LEFT_WRIST,0.514406323432922,0.475984334945679,0.230827927589417
34,RIGHT_ANKLE,0.617498338222504,0.896308064460754,0.32048174738884
34,RIGHT_ELBOW,0.389066934585571,0.357861489057541,-0.578701078891754
34,RIGHT_HEEL,0.58715158700943,0.933803677558899,0.350692808628082
34,RIGHT_HIP,0.448646306991577,0.501403868198395,-0.195556774735451
34,RIGHT_KNEE,0.577758491039276,0.691549599170685,-0.013880637474358
34,RIGHT_SHOULDER,0.432703405618668,0.183655470609665,-0.523847758769989
34,RIGHT_WRIST,0.446585804224014,0.52607673406601,-0.498562157154083
35,LEFT_ANKLE,0.297464281320572,0.904779136180878,0.443142652511597
35,LEFT_ELBOW,0.451573759317398,0.352170586585998,0.251552015542984
35,LEFT_HEEL,0.259282290935516,0.941899240016937,0.448570340871811
35,LEFT_HIP,0.391687661409378,0.504708647727966,0.196219012141228
35,LEFT_KNEE,0.378469586372375,0.704269707202911,0.309513419866562
35,LEFT_SHOULDER,0.437099367380142,0.18949194252491,0.151849299669266
35,LEFT_WRIST,0.511995613574982,0.478454381227493,0.204208210110664
35,RIGHT_ANKLE,0.649890244007111,0.89277571439743,0.278988391160965
35,RIGHT_ELBOW,0.388429880142212,0.359223335981369,-0.652094125747681
35,RIGHT_HEEL,0.636610925197601,0.931915998458862,0.302222371101379
35,RIGHT_HIP,0.448537975549698,0.501079559326172,-0.196135982871056
35,RIGHT_KNEE,0.568273901939392,0.692544221878052,-0.0219571460038423
35,RIGHT_SHOULDER,0.429278165102005,0.183812066912651,-0.571978390216827
35,RIGHT_WRIST,0.447919934988022,0.527176022529602,-0.611645638942719
36,LEFT_ANKLE,0.272902727127075,0.903988778591156,0.668184518814087
36,LEFT_ELBOW,0.430742025375366,0.3619504570961,0.220482349395752
36,LEFT_HEEL,0.224906995892525,0.942692279815674,0.686011135578156
36,LEFT_HIP,0.385204613208771,0.5062495470047,0.212440714240074
36,LEFT_KNEE,0.365554749965668,0.707031965255737,0.413835823535919
36,LEFT_SHOULDER,0.425791025161743,0.189711585640907,0.13730001449585
36,LEFT_WRIST,0.469769418239594,0.496796399354935,0.141849294304848
36,RIGHT_ANKLE,0.678597390651703,0.890561521053314,0.32151249051094
36,RIGHT_ELBOW,0.388981133699417,0.365120083093643,-0.716266870498657
36,RIGHT_HEEL,0.678755521774292,0.932114005088806,0.346884161233902
36,RIGHT_HIP,0.443156093358993,0.501752912998199,-0.212744936347008
36,RIGHT_KNEE,0.560766577720642,0.693478763103485,-0.0062226778827607
36,RIGHT_SHOULDER,0.430160760879517,0.184347525238991,-0.631208479404449
36,RIGHT_WRIST,0.457402020692825,0.531871140003204,-0.665779590606689
37,LEFT_ANKLE,0.254965543746948,0.90180242061615,0.727502882480621
37,LEFT_ELBOW,0.434365510940552,0.363540887832642,0.222458213567734
37,LEFT_HEEL,0.20181567966938,0.939316987991333,0.748152077198029
37,LEFT_HIP,0.387318909168243,0.511611223220825,0.218209937214851
37,LEFT_KNEE,0.356439262628555,0.709789872169495,0.45595309138298
37,LEFT_SHOULDER,0.421925187110901,0.191702827811241,0.136075615882874
37,LEFT_WRIST,0.474306046962738,0.49895116686821,0.156854704022408
37,RIGHT_ANKLE,0.683398306369781,0.890435874462128,0.387177735567093
37,RIGHT_ELBOW,0.406278103590012,0.374798268079758,-0.701584994792938
37,RIGHT_HEEL,0.679289638996124,0.934744298458099,0.41783818602562
37,RIGHT_HIP,0.44564563035965,0.507440745830536,-0.218643844127655
37,RIGHT_KNEE,0.556811928749084,0.702327489852905,0.0261156633496284
37,RIGHT_SHOULDER,0.438050359487534,0.186455056071281,-0.630604445934296
37,RIGHT_WRIST,0.468423902988434,0.534524321556091,-0.641969680786133
38,LEFT_ANKLE,0.221433669328689,0.900149941444397,0.703576445579529
38,LEFT_ELBOW,0.409034460783005,0.363833844661713,0.227380752563477
38,LEFT_HEEL,0.177732765674591,0.937323153018951,0.721741676330566
38,LEFT_HIP,0.390153288841248,0.511571526527405,0.228219613432884
38,LEFT_KNEE,0.354696035385132,0.709493637084961,0.449748039245605
38,LEFT_SHOULDER,0.417053490877151,0.192575663328171,0.145059153437614
38,LEFT_WRIST,0.443603575229645,0.499739676713943,0.160127133131027
38,RIGHT_ANKLE,0.675152003765106,0.891012907028198,0.380630791187286
38,RIGHT_ELBOW,0.430679768323898,0.37768292427063,-0.690385580062866
38,RIGHT_HEEL,0.66699743270874,0.938593804836273,0.410421341657638
38,RIGHT_HIP,0.448734790086746,0.508326530456543,-0.228779599070549
38,RIGHT_KNEE,0.555793285369873,0.702944576740265,0.0241713430732488
38,RIGHT_SHOULDER,0.452582508325577,0.192011669278145,-0.627205312252045
38,RIGHT_WRIST,0.483834207057953,0.537813663482666,-0.605737447738647
39,LEFT_ANKLE,0.210822835564613,0.892093420028687,0.656760036945343
39,LEFT_ELBOW,0.390563815832138,0.363836109638214,0.211315006017685
39,LEFT_HEEL,0.165212869644165,0.922285437583923,0.672623217105865
39,LEFT_HIP,0.393381774425507,0.513242483139038,0.223717644810676
39,LEFT_KNEE,0.357850641012192,0.709032237529755,0.425442546606064
39,LEFT_SHOULDER,0.413000553846359,0.19263020157814,0.133554950356483
39,LEFT_WRIST,0.434488356113434,0.503278076648712,0.161472827196121
39,RIGHT_ANKLE,0.66064465045929,0.890205800533295,0.475341945886612
39,RIGHT_ELBOW,0.452266931533813,0.385167390108109,-0.656887471675873
39,RIGHT_HEEL,0.647988796234131,0.935680449008942,0.510224640369415
39,RIGHT_HIP,0.461192041635513,0.511769413948059,-0.224460557103157
39,RIGHT_KNEE,0.558053374290466,0.706726729869843,0.0917287841439247
39,RIGHT_SHOULDER,0.467086642980576,0.195441409945488,-0.620321333408356
39,RIGHT_WRIST,0.498412042856216,0.541730105876923,-0.4992755651474
40,LEFT_ANKLE,0.200313419103622,0.879755139350891,0.776487171649933
40,LEFT_ELBOW,0.380871266126633,0.363782256841659,0.204569846391678
40,LEFT_HEEL,0.151868298649788,0.902370631694794,0.799578785896301
40,LEFT_HIP,0.395246684551239,0.513179838657379,0.224604725837707
40,LEFT_KNEE,0.36545917391777,0.7040935754776,0.493518620729446
40,LEFT_SHOULDER,0.409259408712387,0.191777810454369,0.116904079914093
40,LEFT_WRIST,0.417368322610855,0.516375660896301,0.170045286417007
40,RIGHT_ANKLE,0.650990784168243,0.894678294658661,0.55763566493988
40,RIGHT_ELBOW,0.470302939414978,0.386933952569961,-0.672464191913605
40,RIGHT_HEEL,0.628926932811737,0.934906840324402,0.599287033081055
40,RIGHT_HIP,0.469905108213425,0.514006733894348,-0.225350901484489
40,RIGHT_KNEE,0.566767752170563,0.712860941886902,0.114239782094955
40,RIGHT_SHOULDER,0.480242490768433,0.196006581187248,-0.651643753051758
40,RIGHT_WRIST,0.516441643238068,0.5429807305336,-0.508371591567993
41,LEFT_ANKLE,0.204617068171501,0.867247879505157,0.647125601768494
41,LEFT_ELBOW,0.389524459838867,0.358518838882446,0.209200590848923
41,LEFT_HEEL,0.149768158793449,0.884808301925659,0.662927091121674
41,LEFT_HIP,0.397700130939484,0.508524954319,0.219884872436523
41,LEFT_KNEE,0.372884333133698,0.698905885219574,0.46076774597168
41,LEFT_SHOULDER,0.411705017089844,0.189484164118767,0.13184005022049
41,LEFT_WRIST,0.418478548526764,0.514503538608551,0.206297174096107
41,RIGHT_ANKLE,0.635304689407349,0.893790304660797,0.446796804666519
41,RIGHT_ELBOW,0.483256906270981,0.385072857141495,-0.621745824813843
41,RIGHT_HEEL,0.61160945892334,0.934011220932007,0.479653805494308
41,RIGHT_HIP,0.473597973585129,0.511972725391388,-0.220709472894668
41,RIGHT_KNEE,0.56804758310318,0.712426006793976,0.0671335235238075
41,RIGHT_SHOULDER,0.486741364002228,0.195168346166611,-0.587913572788239
41,RIGHT_WRIST,0.528242290019989,0.542416274547577,-0.4874567091465
42,LEFT_ANKLE,0.21458937227726,0.853793621063232,0.595813572406769
42,LEFT_ELBOW,0.39801424741745,0.36090075969696,0.211884051561356
42,LEFT_HEEL,0.161843821406364,0.873813986778259,0.609666347503662
42,LEFT_HIP,0.404703229665756,0.506904006004333,0.211148262023926
42,LEFT_KNEE,0.377872347831726,0.699049711227417,0.41667440533638
42,LEFT_SHOULDER,0.41214182972908,0.18865929543972,0.128088921308517
42,LEFT_WRIST,0.425523996353149,0.51154637336731,0.226815700531006
42,RIGHT_ANKLE,0.625930726528168,0.893202483654022,0.414770007133484
42,RIGHT_ELBOW,0.486567705869675,0.383380353450775,-0.614709556102753
42,RIGHT_HEEL,0.604804873466492,0.932835161685944,0.446191221475601
42,RIGHT_HIP,0.476286143064499,0.511789977550507,-0.211825177073479
42,RIGHT_KNEE,0.566316783428192,0.712622702121735,0.0550546832382679
42,RIGHT_SHOULDER,0.490573585033417,0.194494515657425,-0.580532968044281
42,RIGHT_WRIST,0.546739757061005,0.541893184185028,-0.486956506967545
43,LEFT_ANKLE,0.230650946497917,0.840845286846161,0.541267275810242
43,LEFT_ELBOW,0.423440784215927,0.359951704740524,0.183301404118538
43,LEFT_HEEL,0.182567030191422,0.860597431659698,0.552967727184296
43,LEFT_HIP,0.415971308946609,0.504944622516632,0.197328776121139
43,LEFT_KNEE,0.396041542291641,0.699119687080383,0.357884615659714
43,LEFT_SHOULDER,0.413513720035553,0.186572551727295,0.119528152048588
43,LEFT_WRIST,0.480682820081711,0.500149428844452,0.207446575164795
43,RIGHT_ANKLE,0.617470026016235,0.887282371520996,0.384316831827164
43,RIGHT_ELBOW,0.497417598962784,0.37794229388237,-0.595073938369751
43,RIGHT_HEEL,0.589793086051941,0.922834038734436,0.408887445926666
43,RIGHT_HIP,0.49160423874855,0.510530054569244,-0.197708204388618
43,RIGHT_KNEE,0.565142452716827,0.708700597286224,0.0504691638052463
43,RIGHT_SHOULDER,0.495444387197495,0.192525118589401,-0.545930624008179
43,RIGHT_WRIST,0.569728910923004,0.541637659072876,-0.494988143444061
44,LEFT_ANKLE,0.26462334394455,0.828332662582397,0.555300533771515
44,LEFT_ELBOW,0.427067011594772,0.358260691165924,0.193152382969856
44,LEFT_HEEL,0.223278269171715,0.842725515365601,0.569430649280548
44,LEFT_HIP,0.436640739440918,0.503681540489197,0.198716595768929
44,LEFT_KNEE,0.434790253639221,0.695570290088654,0.358840942382812
44,LEFT_SHOULDER,0.423045098781586,0.185637027025223,0.122202776372433
44,LEFT_WRIST,0.480767965316772,0.490115374326706,0.213983505964279
44,RIGHT_ANKLE,0.58376806974411,0.887292981147766,0.309570401906967
44,RIGHT_ELBOW,0.506141841411591,0.370604932308197,-0.608079969882965
44,RIGHT_HEEL,0.554578006267548,0.92389565706253,0.33011582493782
44,RIGHT_HIP,0.494272440671921,0.509786069393158,-0.199127808213234
44,RIGHT_KNEE,0.544048249721527,0.708125114440918,0.0396302379667758
44,RIGHT_SHOULDER,0.499934434890747,0.188336908817291,-0.554319679737091
44,RIGHT_WRIST,0.589459180831909,0.539804637432098,-0.506471157073975
45,LEFT_ANKLE,0.386623352766037,0.818359136581421,0.563423156738281
45,LEFT_ELBOW,0.390594512224197,0.34895932674408,0.161441773176193
45,LEFT_HEEL,0.349152356386185,0.850748300552368,0.578609883785248
45,LEFT_HIP,0.433993488550186,0.495479226112366,0.188373893499374
45,LEFT_KNEE,0.469760090112686,0.673766195774078,0.34973818063736
45,LEFT_SHOULDER,0.417359173297882,0.185866191983223,0.121539056301117
45,LEFT_WRIST,0.43454909324646,0.465423554182053,0.158943057060242
45,RIGHT_ANKLE,0.526739001274109,0.885794281959534,0.26128676533699
45,RIGHT_ELBOW,0.534351170063019,0.36321833729744,-0.500755369663239
45,RIGHT_HEEL,0.488220006227493,0.92167192697525,0.277941048145294
45,RIGHT_HIP,0.501129984855652,0.501345634460449,-0.188614949584007
45,RIGHT_KNEE,0.533007144927979,0.69936341047287,0.0383068956434726
45,RIGHT_SHOULDER,0.514921367168427,0.184580713510513,-0.479189783334732
45,RIGHT_WRIST,0.625781655311584,0.52613776922226,-0.372191309928894
46,LEFT_ANKLE,0.405804038047791,0.791355788707733,0.609676003456116
46,LEFT_ELBOW,0.372538894414902,0.293914198875427,0.316938817501068
46,LEFT_HEEL,0.355239003896713,0.821307957172394,0.628685712814331
46,LEFT_HIP,0.431845307350159,0.490583389997482,0.185030490159988
46,LEFT_KNEE,0.464596837759018,0.646014273166656,0.358355015516281
46,LEFT_SHOULDER,0.404533565044403,0.185761541128159,0.109524801373482
46,LEFT_WRIST,0.436298280954361,0.326658606529236,0.568899095058441
46,RIGHT_ANKLE,0.478025078773498,0.887828767299652,0.27008843421936
46,RIGHT_ELBOW,0.539384245872498,0.356312990188599,-0.461843639612198
46,RIGHT_HEEL,0.443226009607315,0.925381600856781,0.287082761526108
46,RIGHT_HIP,0.500339090824127,0.497482031583786,-0.185238227248192
46,RIGHT_KNEE,0.531715929508209,0.692954123020172,0.0461764223873615
46,RIGHT_SHOULDER,0.518479466438293,0.181220635771751,-0.443333715200424
46,RIGHT_WRIST,0.641347646713257,0.514313220977783,-0.310631334781647
47,LEFT_ANKLE,0.418005853891373,0.807559132575989,0.62087881565094
47,LEFT_ELBOW,0.374439805746078,0.310671836137772,0.294524282217026
47,LEFT_HEEL,0.380674421787262,0.837085962295532,0.63794481754303
47,LEFT_HIP,0.431196957826614,0.4838005900383,0.187325701117516
47,LEFT_KNEE,0.460316807031631,0.655213177204132,0.375158995389938
47,LEFT_SHOULDER,0.401008456945419,0.185792326927185,0.173126891255379
47,LEFT_WRIST,0.434386998414993,0.387697726488113,0.38504821062088
47,RIGHT_ANKLE,0.457310110330582,0.888717174530029,0.227011054754257
47,RIGHT_ELBOW,0.53727114200592,0.349731862545013,-0.437006503343582
47,RIGHT_HEEL,0.420187532901764,0.925489485263824,0.244151294231415
47,RIGHT_HIP,0.496923208236694,0.488384813070297,-0.187530010938644
47,RIGHT_KNEE,0.514495074748993,0.693786323070526,0.0153188565745949
47,RIGHT_SHOULDER,0.515213549137115,0.174231082201004,-0.430330783128738
47,RIGHT_WRIST,0.65717488527298,0.500744819641113,-0.284142345190048
48,LEFT_ANKLE,0.432286977767944,0.810623645782471,0.647024571895599
48,LEFT_ELBOW,0.380921989679336,0.319480419158935,0.270397931337357
48,LEFT_HEEL,0.400023907423019,0.837593734264374,0.666508734226227
48,LEFT_HIP,0.430466204881668,0.484710305929184,0.187987387180328
48,LEFT_KNEE,0.496067047119141,0.660872161388397,0.390935242176056
48,LEFT_SHOULDER,0.402871072292328,0.186052098870277,0.172072306275368
48,LEFT_WRIST,0.43577766418457,0.414047122001648,0.285038739442825
48,RIGHT_ANKLE,0.43531933426857,0.888702750205994,0.226562216877937
48,RIGHT_ELBOW,0.535393834114075,0.346537411212921,-0.476441591978073
48,RIGHT_HEEL,0.395338475704193,0.926278054714203,0.243842154741287
48,RIGHT_HIP,0.490552246570587,0.485501378774643,-0.188015908002853
48,RIGHT_KNEE,0.50182831287384,0.69471538066864,0.0018019003327935
48,RIGHT_SHOULDER,0.513400256633759,0.173825889825821,-0.464417666196823
48,RIGHT_WRIST,0.656278371810913,0.493582099676132,-0.335972100496292
49,LEFT_ANKLE,0.470932096242905,0.803462445735931,0.756858825683594
49,LEFT_ELBOW,0.365399330854416,0.323701679706573,0.190812796354294
49,LEFT_HEEL,0.448421984910965,0.831034481525421,0.781029343605042
49,LEFT_HIP,0.43123134970665,0.484745174646378,0.188150763511658
49,LEFT_KNEE,0.533479511737823,0.654967844486237,0.452750861644745
49,LEFT_SHOULDER,0.39591434597969,0.188995167613029,0.162400737404823
49,LEFT_WRIST,0.413476586341858,0.437550455331802,0.201748847961426
49,RIGHT_ANKLE,0.41932737827301,0.890631258487701,0.162644326686859
49,RIGHT_ELBOW,0.540146589279175,0.349005728960037,-0.488744139671326
49,RIGHT_HEEL,0.385030120611191,0.931221067905426,0.173347413539886
49,RIGHT_HIP,0.482509523630142,0.484892815351486,-0.18815290927887
49,RIGHT_KNEE,0.490268260240555,0.694270074367523,-0.0247168354690074
49,RIGHT_SHOULDER,0.514761984348297,0.174714460968971,-0.48066720366478
49,RIGHT_WRIST,0.669238269329071,0.490382343530655,-0.328627496957779
50,LEFT_ANKLE,0.525638580322266,0.79617315530777,0.845587253570557
50,LEFT_ELBOW,0.362465649843216,0.326030969619751,0.176382586359978
50,LEFT_HEEL,0.50568813085556,0.824920177459717,0.874333024024963
50,LEFT_HIP,0.430490046739578,0.484250485897064,0.1891268491745
50,LEFT_KNEE,0.544735550880432,0.635336637496948,0.498173624277115
50,LEFT_SHOULDER,0.387361973524094,0.191909357905388,0.121692918241024
50,LEFT_WRIST,0.397991269826889,0.437967389822006,0.20988167822361
50,RIGHT_ANKLE,0.408068299293518,0.89079350233078,0.181341215968132
50,RIGHT_ELBOW,0.543400585651398,0.350342869758606,-0.503531455993652
50,RIGHT_HEEL,0.37607079744339,0.934389710426331,0.192638069391251
50,RIGHT_HIP,0.481509566307068,0.481847941875458,-0.189196601510048
50,RIGHT_KNEE,0.467892944812775,0.69042956829071,-0.0152459442615509
50,RIGHT_SHOULDER,0.518403947353363,0.175031661987305,-0.487307608127594
50,RIGHT_WRIST,0.677590131759644,0.490519106388092,-0.356474310159683
51,LEFT_ANKLE,0.568515479564667,0.801368653774261,0.831272542476654
51,LEFT_ELBOW,0.366585075855255,0.330851346254349,0.170061469078064
51,LEFT_HEEL,0.563982427120209,0.829996943473816,0.858835399150848
51,LEFT_HIP,0.430403470993042,0.483198642730713,0.183062076568603
51,LEFT_KNEE,0.556587040424347,0.63239461183548,0.487921923398972
51,LEFT_SHOULDER,0.389149606227875,0.192713275551796,0.0982069745659828
51,LEFT_WRIST,0.399280041456222,0.443578273057938,0.205032676458359
51,RIGHT_ANKLE,0.378652691841125,0.890754282474518,0.143427342176437
51,RIGHT_ELBOW,0.545908689498901,0.354113727807999,-0.51042914390564
51,RIGHT_HEEL,0.344045877456665,0.936172246932983,0.150745823979378
51,RIGHT_HIP,0.47958779335022,0.480869174003601,-0.183112666010857
51,RIGHT_KNEE,0.455912500619888,0.684436321258545,-0.0195928048342466
51,RIGHT_SHOULDER,0.522670745849609,0.177363619208336,-0.491635113954544
51,RIGHT_WRIST,0.677530169487,0.493750184774399,-0.367441952228546
52,LEFT_ANKLE,0.594999134540558,0.804803192615509,0.786058247089386
52,LEFT_ELBOW,0.365983217954636,0.342618256807327,0.164293274283409
52,LEFT_HEEL,0.590313255786896,0.834266185760498,0.811239421367645
52,LEFT_HIP,0.427307337522507,0.485410153865814,0.167204707860947
52,LEFT_KNEE,0.539614498615265,0.639931797981262,0.470344841480255
52,LEFT_SHOULDER,0.382141351699829,0.200325325131416,0.104565247893333
52,LEFT_WRIST,0.403846114873886,0.44564613699913,0.198170036077499
52,RIGHT_ANKLE,0.359054267406464,0.890978455543518,0.178007960319519
52,RIGHT_ELBOW,0.546627342700958,0.356996119022369,-0.442211598157883
52,RIGHT_HEEL,0.322259813547134,0.937548160552978,0.193836957216263
52,RIGHT_HIP,0.479972094297409,0.481812536716461,-0.167370095849037
52,RIGHT_KNEE,0.44998088479042,0.683155357837677,0.011069094762206
52,RIGHT_SHOULDER,0.52441668510437,0.182353779673576,-0.457850813865662
52,RIGHT_WRIST,0.671151280403137,0.496163010597229,-0.273793667554855
53,LEFT_ANKLE,0.639660239219666,0.824909687042236,0.7888143658638
53,LEFT_ELBOW,0.368185609579086,0.355931401252747,0.147355511784554
53,LEFT_HEEL,0.632491707801819,0.862856388092041,0.813536822795868
53,LEFT_HIP,0.427053600549698,0.489643961191177,0.160447329282761
53,LEFT_KNEE,0.534888744354248,0.650016307830811,0.467011451721191
53,LEFT_SHOULDER,0.383477628231049,0.202706754207611,0.0986398383975029
53,LEFT_WRIST,0.403927713632584,0.475135982036591,0.168961569666862
53,RIGHT_ANKLE,0.332460671663284,0.88997209072113,0.147313326597214
53,RIGHT_ELBOW,0.551766216754913,0.367869138717651,-0.459811925888062
53,RIGHT_HEEL,0.294564962387085,0.937346994876862,0.155349910259247
53,RIGHT_HIP,0.479951471090317,0.485625475645065,-0.160686776041985
53,RIGHT_KNEE,0.438146233558655,0.682924687862396,-0.0070981853641569
53,RIGHT_SHOULDER,0.525814592838287,0.188882991671562,-0.466993898153305
53,RIGHT_WRIST,0.666069209575653,0.502807378768921,-0.311460673809052
54,LEFT_ANKLE,0.64843088388443,0.839173853397369,0.767053663730621
54,LEFT_ELBOW,0.371808409690857,0.36343315243721,0.148563206195831
54,LEFT_HEEL,0.63974791765213,0.875478208065033,0.790495932102203
54,LEFT_HIP,0.427415102720261,0.496041625738144,0.158996596932411
54,LEFT_KNEE,0.536421358585358,0.664564788341522,0.462274044752121
54,LEFT_SHOULDER,0.389081448316574,0.207872658967972,0.102942727506161
54,LEFT_WRIST,0.40623927116394,0.482851654291153,0.15535843372345
54,RIGHT_ANKLE,0.309856653213501,0.889182925224304,0.116907984018326
54,RIGHT_ELBOW,0.553265154361725,0.376266658306122,-0.459796816110611
54,RIGHT_HEEL,0.265858918428421,0.935564815998077,0.123501718044281
54,RIGHT_HIP,0.479951053857803,0.493017166852951,-0.15926867723465
54,RIGHT_KNEE,0.42563784122467,0.688432514667511,-0.0337270200252532
54,RIGHT_SHOULDER,0.533975839614868,0.19777575135231,-0.459514170885086
54,RIGHT_WRIST,0.660464763641357,0.511188328266144,-0.326241374015808
55,LEFT_ANKLE,0.642583012580872,0.846101045608521,0.773722887039185
55,LEFT_ELBOW,0.374012231826782,0.371759086847305,0.163337990641594
55,LEFT_HEEL,0.630294859409332,0.882390439510345,0.796200692653656
55,LEFT_HIP,0.432961016893387,0.505537927150726,0.162839323282242
55,LEFT_KNEE,0.539217352867126,0.671386659145355,0.46834072470665
55,LEFT_SHOULDER,0.404300302267075,0.219943627715111,0.13161838054657
55,LEFT_WRIST,0.428866297006607,0.478563845157623,0.174100399017334
55,RIGHT_ANKLE,0.288581430912018,0.891381025314331,0.0726358965039253
55,RIGHT_ELBOW,0.555807590484619,0.38266932964325,-0.441803991794586
55,RIGHT_HEEL,0.23468953371048,0.935621440410614,0.0769756734371185
55,RIGHT_HIP,0.480525076389313,0.504695951938629,-0.163101315498352
55,RIGHT_KNEE,0.411891847848892,0.701220393180847,-0.0553065836429595
55,RIGHT_SHOULDER,0.539946794509888,0.205163389444351,-0.446190625429153
55,RIGHT_WRIST,0.659425556659698,0.517349720001221,-0.295763343572617
56,LEFT_ANKLE,0.637711048126221,0.848060309886932,0.802348613739014
56,LEFT_ELBOW,0.383972644805908,0.380783945322037,0.18705852329731
56,LEFT_HEEL,0.616255283355713,0.886643946170807,0.825944125652313
56,LEFT_HIP,0.435663610696793,0.512701392173767,0.171997934579849
56,LEFT_KNEE,0.544899344444275,0.682544052600861,0.483950614929199
56,LEFT_SHOULDER,0.411565959453583,0.225933611392975,0.139986962080002
56,LEFT_WRIST,0.4721759557724,0.496093153953552,0.179638147354126
56,RIGHT_ANKLE,0.27204617857933,0.893208980560303,0.0852581709623336
56,RIGHT_ELBOW,0.561487197875977,0.384825229644775,-0.47646552324295
56,RIGHT_HEEL,0.208540856838226,0.936233520507812,0.0925272777676582
56,RIGHT_HIP,0.482895046472549,0.515127062797546,-0.172364518046379
56,RIGHT_KNEE,0.407970935106277,0.709415376186371,-0.0711211040616035
56,RIGHT_SHOULDER,0.54555082321167,0.209099292755127,-0.454250901937485
56,RIGHT_WRIST,0.65090674161911,0.523427546024323,-0.347017288208008
57,LEFT_ANKLE,0.626063883304596,0.847508549690247,0.812827706336975
57,LEFT_ELBOW,0.383247315883636,0.387004464864731,0.188179105520248
57,LEFT_HEEL,0.597606778144836,0.887360990047455,0.836901783943176
57,LEFT_HIP,0.443581938743591,0.516973793506622,0.175126507878304
57,LEFT_KNEE,0.547597169876099,0.680885076522827,0.489429026842117
57,LEFT_SHOULDER,0.412692934274673,0.234764009714127,0.146755591034889
57,LEFT_WRIST,0.463036835193634,0.501201808452606,0.17610926926136
57,RIGHT_ANKLE,0.263551861047745,0.893436133861542,0.0303141064941883
57,RIGHT_ELBOW,0.56495475769043,0.383008122444153,-0.496180832386017
57,RIGHT_HEEL,0.195211857557297,0.93605649471283,0.0344669073820114
57,RIGHT_HIP,0.496857583522797,0.518973171710968,-0.175581485033035
57,RIGHT_KNEE,0.418495118618011,0.708104968070984,-0.0941389352083206
57,RIGHT_SHOULDER,0.553125321865082,0.210863322019577,-0.459206134080887
57,RIGHT_WRIST,0.636141300201416,0.525162875652313,-0.396681278944016
58,LEFT_ANKLE,0.6062251329422,0.845074415206909,0.846047878265381
58,LEFT_ELBOW,0.384090155363083,0.385102778673172,0.191313415765762
58,LEFT_HEEL,0.581466674804688,0.885869860649109,0.870240986347198
58,LEFT_HIP,0.453541398048401,0.520973443984985,0.186370804905891
58,LEFT_KNEE,0.548401892185211,0.680596053600311,0.514025509357452
58,LEFT_SHOULDER,0.416020542383194,0.237247064709663,0.163165286183357
58,LEFT_WRIST,0.456875652074814,0.499362796545029,0.17304553091526
58,RIGHT_ANKLE,0.264151901006699,0.890182375907898,-0.0916993543505668
58,RIGHT_ELBOW,0.56831169128418,0.38156270980835,-0.512418270111084
58,RIGHT_HEEL,0.1932402998209,0.924625337123871,-0.0913443192839622
58,RIGHT_HIP,0.508233547210693,0.522335827350616,-0.186849728226662
58,RIGHT_KNEE,0.430946797132492,0.707812309265137,-0.16902956366539
58,RIGHT_SHOULDER,0.558202266693115,0.211350679397583,-0.45787912607193
58,RIGHT_WRIST,0.624091625213623,0.528288900852203,-0.415301322937012
59,LEFT_ANKLE,0.600484490394592,0.844255447387695,0.770372033119202
59,LEFT_ELBOW,0.387351900339127,0.381681621074677,0.20049837231636
59,LEFT_HEEL,0.574529230594635,0.886443734169006,0.788884162902832
59,LEFT_HIP,0.453530550003052,0.518071591854095,0.189244762063026
59,LEFT_KNEE,0.544826567173004,0.685618877410889,0.482632398605347
59,LEFT_SHOULDER,0.4220170378685,0.234273344278335,0.167399898171425
59,LEFT_WRIST,0.449629426002502,0.495159417390823,0.190021261572838
59,RIGHT_ANKLE,0.285657256841659,0.874630212783813,-0.0396997965872287
59,RIGHT_ELBOW,0.575146913528442,0.380998164415359,-0.506819486618042
59,RIGHT_HEEL,0.220264509320259,0.896909952163696,-0.0320181027054786
59,RIGHT_HIP,0.5141641497612,0.519331336021423,-0.189673826098442
59,RIGHT_KNEE,0.468993902206421,0.706986248493195,-0.162800624966621
59,RIGHT_SHOULDER,0.565922498703003,0.211689531803131,-0.451075255870819
59,RIGHT_WRIST,0.619557619094849,0.528172612190247,-0.402551025152206
60,LEFT_ANKLE,0.57981151342392,0.849204659461975,0.640504717826843
60,LEFT_ELBOW,0.391960293054581,0.379593044519424,0.197971016168594
60,LEFT_HEEL,0.566891849040985,0.887262344360352,0.652266621589661
60,LEFT_HIP,0.449411988258362,0.517052531242371,0.193959668278694
60,LEFT_KNEE,0.523776650428772,0.68421471118927,0.413721054792404
60,LEFT_SHOULDER,0.423719257116318,0.232486307621002,0.168349891901016
60,LEFT_WRIST,0.447506964206696,0.493099808692932,0.182292312383652
60,RIGHT_ANKLE,0.297792226076126,0.862507998943329,-0.0402162410318851
60,RIGHT_ELBOW,0.579512357711792,0.380041867494583,-0.483014017343521
60,RIGHT_HEEL,0.235306456685066,0.873178482055664,-0.029320603236556
60,RIGHT_HIP,0.519958198070526,0.518308818340302,-0.194354489445686
60,RIGHT_KNEE,0.501868069171906,0.703033566474915,-0.169025659561157
60,RIGHT_SHOULDER,0.570712268352509,0.211609676480293,-0.429558992385864
60,RIGHT_WRIST,0.618145048618317,0.527122616767883,-0.394463956356049
61,LEFT_ANKLE,0.549148380756378,0.850488305091858,0.633525729179382
61,LEFT_ELBOW,0.394751459360123,0.378335654735565,0.18821607530117
61,LEFT_HEEL,0.535695612430573,0.885748744010925,0.646187841892242
61,LEFT_HIP,0.441659212112427,0.512093245983124,0.199293583631516
61,LEFT_KNEE,0.508328437805176,0.683285653591156,0.407675504684448
61,LEFT_SHOULDER,0.424737185239792,0.230719044804573,0.167470186948776
61,LEFT_WRIST,0.449562966823578,0.488838255405426,0.167187198996544
61,RIGHT_ANKLE,0.329361945390701,0.844912528991699,0.0012769794557243
61,RIGHT_ELBOW,0.580657303333282,0.372104674577713,-0.480018377304077
61,RIGHT_HEEL,0.259937673807144,0.858659148216248,0.0111011089757084
61,RIGHT_HIP,0.51876425743103,0.510967493057251,-0.199709996581077
61,RIGHT_KNEE,0.535445868968964,0.696317911148071,-0.144834145903587
61,RIGHT_SHOULDER,0.571184992790222,0.210720732808113,-0.426914513111115
61,RIGHT_WRIST,0.615763485431671,0.522893667221069,-0.391182988882065
62,LEFT_ANKLE,0.525562167167664,0.849750280380249,0.470012217760086
62,LEFT_ELBOW,0.401064813137054,0.373962968587875,0.188842996954918
62,LEFT_HEEL,0.514715313911438,0.880285978317261,0.473346471786499
62,LEFT_HIP,0.44050407409668,0.504807472229004,0.199936628341675
62,LEFT_KNEE,0.497489273548126,0.677422225475311,0.324752807617188
62,LEFT_SHOULDER,0.426647901535034,0.225775003433228,0.175333634018898
62,LEFT_WRIST,0.451860636472702,0.47568142414093,0.171560391783714
62,RIGHT_ANKLE,0.368340671062469,0.830687403678894,0.0120327165350317
62,RIGHT_ELBOW,0.581622958183289,0.36322870850563,-0.47182360291481
62,RIGHT_HEEL,0.311707377433777,0.841057956218719,0.0374416820704937
62,RIGHT_HIP,0.521366238594055,0.503824532032013,-0.20027582347393
62,RIGHT_KNEE,0.550894618034363,0.69018542766571,-0.134654551744461
62,RIGHT_SHOULDER,0.568778216838837,0.207111641764641,-0.412391275167465
62,RIGHT_WRIST,0.615956127643585,0.517178595066071,-0.395516991615295
63,LEFT_ANKLE,0.471256405115128,0.824695110321045,0.449779152870178
63,LEFT_ELBOW,0.401007950305939,0.362150132656097,0.160468369722366
63,LEFT_HEEL,0.450407028198242,0.849361062049866,0.451391935348511
63,LEFT_HIP,0.438547283411026,0.501668691635132,0.190783217549324
63,LEFT_KNEE,0.483147710561752,0.662658452987671,0.333717256784439
63,LEFT_SHOULDER,0.42588946223259,0.217099323868751,0.156746029853821
63,LEFT_WRIST,0.45481139421463,0.45245224237442,0.144430816173553
63,RIGHT_ANKLE,0.410313487052917,0.818580567836761,0.0385866537690162
63,RIGHT_ELBOW,0.580687761306763,0.357193917036057,-0.427943676710129
63,RIGHT_HEEL,0.35972186923027,0.830491423606873,0.0606329329311847
63,RIGHT_HIP,0.522050857543945,0.500832259654999,-0.19087341427803
63,RIGHT_KNEE,0.585120797157288,0.679391801357269,-0.0794533640146255
63,RIGHT_SHOULDER,0.567880690097809,0.20322160422802,-0.386138826608658
63,RIGHT_WRIST,0.616269290447235,0.507452189922333,-0.335982978343964
64,LEFT_ANKLE,0.464248955249786,0.810096681118011,0.452242791652679
64,LEFT_ELBOW,0.401477724313736,0.355167806148529,0.152642443776131
64,LEFT_HEEL,0.436335623264313,0.837954819202423,0.455077081918716
64,LEFT_HIP,0.434612423181534,0.497813254594803,0.16865573823452
64,LEFT_KNEE,0.477528184652328,0.658331215381622,0.331124782562256
64,LEFT_SHOULDER,0.425775289535522,0.210959792137146,0.134022995829582
64,LEFT_WRIST,0.455827325582504,0.443433940410614,0.151167720556259
64,RIGHT_ANKLE,0.45881786942482,0.80348014831543,0.115441963076591
64,RIGHT_ELBOW,0.579873323440552,0.356262803077698,-0.390280067920685
64,RIGHT_HEEL,0.407139211893082,0.825614631175995,0.132713198661804
64,RIGHT_HIP,0.521446526050568,0.497050106525421,-0.168699622154236
64,RIGHT_KNEE,0.595432102680206,0.67098343372345,-0.0224008448421955
64,RIGHT_SHOULDER,0.566640198230743,0.202257230877876,-0.370110899209976
64,RIGHT_WRIST,0.616832911968231,0.503999292850494,-0.269585192203522
65,LEFT_ANKLE,0.460234999656677,0.803559184074402,0.532428622245789
65,LEFT_ELBOW,0.403783917427063,0.350800633430481,0.152904197573662
65,LEFT_HEEL,0.430545449256897,0.83060348033905,0.542136967182159
65,LEFT_HIP,0.434420675039291,0.496597498655319,0.168884932994843
65,LEFT_KNEE,0.4760302901268,0.656096935272217,0.352881819009781
65,LEFT_SHOULDER,0.425341993570328,0.208554625511169,0.133491814136505
65,LEFT_WRIST,0.455197721719742,0.442183315753937,0.157346114516258
65,RIGHT_ANKLE,0.468194574117661,0.815438807010651,0.204520747065544
65,RIGHT_ELBOW,0.579891383647919,0.356668621301651,-0.381121069192886
65,RIGHT_HEEL,0.418230712413788,0.840559959411621,0.227567166090012
65,RIGHT_HIP,0.522176682949066,0.495901077985763,-0.169017031788826
65,RIGHT_KNEE,0.604564130306244,0.666047275066376,-0.0089170755818486
65,RIGHT_SHOULDER,0.56652694940567,0.202050521969795,-0.375251114368439
65,RIGHT_WRIST,0.617208123207092,0.501818120479584,-0.206255778670311
66,LEFT_ANKLE,0.448008835315704,0.809689283370972,0.51295131444931
66,LEFT_ELBOW,0.406161546707153,0.342268705368042,0.183410495519638
66,LEFT_HEEL,0.411099821329117,0.836706399917603,0.523447811603546
66,LEFT_HIP,0.433570802211761,0.494592010974884,0.160915583372116
66,LEFT_KNEE,0.469259113073349,0.656414389610291,0.334226727485657
66,LEFT_SHOULDER,0.422329306602478,0.208138450980186,0.133995249867439
66,LEFT_WRIST,0.454667001962662,0.435671120882034,0.192361637949943
66,RIGHT_ANKLE,0.497460722923279,0.817746758460999,0.236435189843178
66,RIGHT_ELBOW,0.579690754413605,0.354707211256027,-0.35898295044899
66,RIGHT_HEEL,0.458650439977646,0.844080090522766,0.260499656200409
66,RIGHT_HIP,0.523126542568207,0.492975264787674,-0.161280527710915
66,RIGHT_KNEE,0.612116098403931,0.660633742809296,0.0058166305534541
66,RIGHT_SHOULDER,0.565873503684998,0.201869696378708,-0.360478430986404
66,RIGHT_WRIST,0.61755758523941,0.500294089317322,-0.188504040241241
67,LEFT_ANKLE,0.444393455982208,0.812891900539398,0.521132409572601
67,LEFT_ELBOW,0.408503830432892,0.345275938510895,0.180904030799866
67,LEFT_HEEL,0.411505937576294,0.846562027931213,0.532376766204834
67,LEFT_HIP,0.43353858590126,0.494185000658035,0.161650538444519
67,LEFT_KNEE,0.46938419342041,0.656067430973053,0.341034412384033
67,LEFT_SHOULDER,0.422108292579651,0.208519577980042,0.130282506346702
67,LEFT_WRIST,0.458095192909241,0.440201342105865,0.192088782787323
67,RIGHT_ANKLE,0.526904284954071,0.812804043292999,0.263309866189957
67,RIGHT_ELBOW,0.578431189060211,0.354352235794067,-0.386971533298492
67,RIGHT_HEEL,0.491793274879456,0.845326721668243,0.288644909858704
67,RIGHT_HIP,0.524446606636047,0.490474760532379,-0.162108585238457
67,RIGHT_KNEE,0.626737534999847,0.648204505443573,0.0123390033841133
67,RIGHT_SHOULDER,0.565655887126923,0.201646536588669,-0.371142387390137
67,RIGHT_WRIST,0.61778724193573,0.497900158166885,-0.239368319511413
68,LEFT_ANKLE,0.42744916677475,0.816969633102417,0.374647051095963
68,LEFT_ELBOW,0.4084832072258,0.346624553203583,0.167642772197723
68,LEFT_HEEL,0.403636693954468,0.860233187675476,0.377427905797958
68,LEFT_HIP,0.433801740407944,0.493922531604767,0.161088690161705
68,LEFT_KNEE,0.462287992238998,0.655871450901031,0.282289862632751
68,LEFT_SHOULDER,0.421948879957199,0.209550514817238,0.127581253647804
68,LEFT_WRIST,0.458775460720062,0.442296624183655,0.176026701927185
68,RIGHT_ANKLE,0.575742542743683,0.810487389564514,0.338136076927185
68,RIGHT_ELBOW,0.576026976108551,0.354643136262894,-0.392556041479111
68,RIGHT_HEEL,0.542251944541931,0.846383810043335,0.362520068883896
68,RIGHT_HIP,0.527196764945984,0.489887773990631,-0.161623358726501
68,RIGHT_KNEE,0.611888945102692,0.646169662475586,0.0860782638192176
68,RIGHT_SHOULDER,0.565293788909912,0.201707571744919,-0.361649751663208
68,RIGHT_WRIST,0.617298424243927,0.498313456773758,-0.260275572538376
69,LEFT_ANKLE,0.416666567325592,0.822688400745392,0.326052933931351
69,LEFT_ELBOW,0.406026065349579,0.347679495811462,0.152957230806351
69,LEFT_HEEL,0.395215660333633,0.865095019340515,0.328030467033386
69,LEFT_HIP,0.434814214706421,0.491315960884094,0.157577604055405
69,LEFT_KNEE,0.458128213882446,0.653553307056427,0.244870409369469
69,LEFT_SHOULDER,0.4214126765728,0.212472826242447,0.120579816401005
69,LEFT_WRIST,0.458322733640671,0.442860275506973,0.163329780101776
69,RIGHT_ANKLE,0.61747670173645,0.812294542789459,0.306316673755646
69,RIGHT_ELBOW,0.573377847671509,0.352499276399612,-0.391940027475357
69,RIGHT_HEEL,0.575114607810974,0.848271667957306,0.326656520366669
69,RIGHT_HIP,0.530336439609528,0.486447155475616,-0.158136412501335
69,RIGHT_KNEE,0.603662729263306,0.645111858844757,0.0929214358329773
69,RIGHT_SHOULDER,0.564432442188263,0.201294139027595,-0.345329850912094
69,RIGHT_WRIST,0.617258787155151,0.495703369379044,-0.268186628818512
70,LEFT_ANKLE,0.400123000144958,0.825286448001862,0.233762189745903
70,LEFT_ELBOW,0.40968981385231,0.348380088806152,0.1546710729599
70,LEFT_HEEL,0.376027077436447,0.867294609546661,0.232267737388611
70,LEFT_HIP,0.436976343393326,0.484390676021576,0.154073178768158
70,LEFT_KNEE,0.455589294433594,0.648991942405701,0.197933241724968
70,LEFT_SHOULDER,0.421979397535324,0.214100107550621,0.12262799590826
70,LEFT_WRIST,0.458390980958939,0.443676739931107,0.179835274815559
70,RIGHT_ANKLE,0.643516480922699,0.786723375320435,0.398207008838654
70,RIGHT_ELBOW,0.573274433612823,0.353008419275284,-0.37856712937355
70,RIGHT_HEEL,0.615198910236359,0.82366019487381,0.425399869680405
70,RIGHT_HIP,0.53299742937088,0.480939358472824,-0.154703259468079
70,RIGHT_KNEE,0.598353028297424,0.644684314727783,0.134761855006218
70,RIGHT_SHOULDER,0.564244389533997,0.200992360711098,-0.340103536844253
70,RIGHT_WRIST,0.617797493934631,0.496107399463654,-0.251745671033859
71,LEFT_ANKLE,0.390994340181351,0.827239334583282,0.317571580410004
71,LEFT_ELBOW,0.409015566110611,0.352234661579132,0.190291523933411
71,LEFT_HEEL,0.364286035299301,0.867952167987823,0.321109622716904
71,LEFT_HIP,0.436986982822418,0.485663324594498,0.155722737312317
71,LEFT_KNEE,0.453695148229599,0.649159729480743,0.239883795380592
71,LEFT_SHOULDER,0.422013878822327,0.2217016518116,0.138991117477417
71,LEFT_WRIST,0.458484888076782,0.444428116083145,0.222794964909554
71,RIGHT_ANKLE,0.66989940404892,0.795339465141296,0.389321476221085
71,RIGHT_ELBOW,0.57323682308197,0.360672622919083,-0.358707815408707
71,RIGHT_HEEL,0.661595344543457,0.829783856868744,0.414689749479294
71,RIGHT_HIP,0.53251588344574,0.48223078250885,-0.156301379203796
71,RIGHT_KNEE,0.596427381038666,0.646909713745117,0.143148705363274
71,RIGHT_SHOULDER,0.563140571117401,0.204723656177521,-0.338285952806473
71,RIGHT_WRIST,0.617565333843231,0.496722608804703,-0.194572880864143
72,LEFT_ANKLE,0.381186306476593,0.830650210380554,0.367295354604721
72,LEFT_ELBOW,0.407548546791077,0.359911203384399,0.247632697224617
72,LEFT_HEEL,0.350673228502274,0.86958920955658,0.373758673667908
72,LEFT_HIP,0.437413722276688,0.487038999795914,0.156660661101341
72,LEFT_KNEE,0.450585931539536,0.64999121427536,0.261291176080704
72,LEFT_SHOULDER,0.42195600271225,0.232943564653397,0.168920800089836
72,LEFT_WRIST,0.459673494100571,0.443854957818985,0.312395751476288
72,RIGHT_ANKLE,0.675970256328583,0.800244450569153,0.458410501480102
72,RIGHT_ELBOW,0.573713183403015,0.368742972612381,-0.339295476675034
72,RIGHT_HEEL,0.674625217914581,0.833741307258606,0.489117830991745
72,RIGHT_HIP,0.535467147827148,0.486719399690628,-0.157313272356987
72,RIGHT_KNEE,0.596948325634003,0.658325493335724,0.183199316263199
72,RIGHT_SHOULDER,0.563641786575317,0.212532266974449,-0.330598592758179
72,RIGHT_WRIST,0.617703914642334,0.4971903860569,-0.13824887573719
73,LEFT_ANKLE,0.369448095560074,0.833009719848633,0.381865382194519
73,LEFT_ELBOW,0.405132204294205,0.362777024507523,0.29926535487175
73,LEFT_HEEL,0.338978052139282,0.869866669178009,0.390021711587906
73,LEFT_HIP,0.442356020212173,0.490633875131607,0.155621573328972
73,LEFT_KNEE,0.447271794080734,0.651011407375336,0.271107107400894
73,LEFT_SHOULDER,0.42189684510231,0.240300208330154,0.181491553783417
73,LEFT_WRIST,0.459530621767044,0.440001487731934,0.416137963533401
73,RIGHT_ANKLE,0.669920563697815,0.802335381507874,0.483906149864197
73,RIGHT_ELBOW,0.578482925891876,0.374868959188461,-0.309142023324966
73,RIGHT_HEEL,0.665856719017029,0.834151327610016,0.517107784748077
73,RIGHT_HIP,0.546222746372223,0.49356010556221,-0.156250044703483
73,RIGHT_KNEE,0.599858701229095,0.667277991771698,0.211018159985542
73,RIGHT_SHOULDER,0.567891657352448,0.220409959554672,-0.308116376399994
73,RIGHT_WRIST,0.620060503482819,0.499734610319138,-0.108365789055824
74,LEFT_ANKLE,0.358851939439774,0.832870483398438,0.380905091762543
74,LEFT_ELBOW,0.405086070299149,0.364308744668961,0.271068871021271
74,LEFT_HEEL,0.325846672058105,0.866603314876556,0.389507561922073
74,LEFT_HIP,0.446358740329742,0.493047654628754,0.151248976588249
74,LEFT_KNEE,0.449963957071304,0.651455402374268,0.275432854890823
74,LEFT_SHOULDER,0.420968383550644,0.245206847786903,0.167207211256027
74,LEFT_WRIST,0.459678053855896,0.432341486215591,0.392996042966843
74,RIGHT_ANKLE,0.666041314601898,0.802025318145752,0.467081725597382
74,RIGHT_ELBOW,0.584733366966248,0.377701640129089,-0.322877317667007
74,RIGHT_HEEL,0.654002487659454,0.832098841667175,0.499282449483871
74,RIGHT_HIP,0.551520049571991,0.497197777032852,-0.151868000626564
74,RIGHT_KNEE,0.601501226425171,0.67039293050766,0.201519951224327
74,RIGHT_SHOULDER,0.572840452194214,0.224864825606346,-0.316403061151505
74,RIGHT_WRIST,0.625977575778961,0.501220285892487,-0.138417109847069
75,LEFT_ANKLE,0.349846392869949,0.829958140850067,0.410542398691177
75,LEFT_ELBOW,0.404323607683182,0.367048174142838,0.257343739271164
75,LEFT_HEEL,0.314118534326553,0.86068069934845,0.42365089058876
75,LEFT_HIP,0.449255436658859,0.493771433830261,0.143116354942322
75,LEFT_KNEE,0.45110160112381,0.651164174079895,0.283489733934402
75,LEFT_SHOULDER,0.417015671730042,0.248725548386574,0.143661558628082
75,LEFT_WRIST,0.459828436374664,0.430102854967117,0.38088521361351
75,RIGHT_ANKLE,0.664063215255737,0.801919162273407,0.471690535545349
75,RIGHT_ELBOW,0.592095851898193,0.381911993026733,-0.3093241751194
75,RIGHT_HEEL,0.652646839618683,0.830492377281189,0.503949522972107
75,RIGHT_HIP,0.558046340942383,0.497678995132446,-0.143778920173645
75,RIGHT_KNEE,0.606713235378265,0.671471476554871,0.206270039081573
75,RIGHT_SHOULDER,0.577541828155518,0.227786406874657,-0.311731100082397
75,RIGHT_WRIST,0.633390426635742,0.503324687480927,-0.117319881916046
76,LEFT_ANKLE,0.350755751132965,0.817346215248108,0.450186342000961
76,LEFT_ELBOW,0.407542943954468,0.370595008134842,0.224657788872719
76,LEFT_HEEL,0.312843561172485,0.844013035297394,0.463620394468307
76,LEFT_HIP,0.451692670583725,0.493795424699783,0.144123256206512
76,LEFT_KNEE,0.459689527750015,0.649157583713531,0.310991734266281
76,LEFT_SHOULDER,0.417027205228805,0.247773826122284,0.122487835586071
76,LEFT_WRIST,0.463103502988815,0.431673586368561,0.362470299005508
76,RIGHT_ANKLE,0.650189101696014,0.799223661422729,0.461822301149368
76,RIGHT_ELBOW,0.596575975418091,0.382973104715347,-0.32053330540657
76,RIGHT_HEEL,0.631230056285858,0.827648341655731,0.49339359998703
76,RIGHT_HIP,0.559750914573669,0.497197836637497,-0.144760727882385
76,RIGHT_KNEE,0.611195683479309,0.661938667297363,0.188877120614052
76,RIGHT_SHOULDER,0.583303034305573,0.228036776185036,-0.318679451942444
76,RIGHT_WRIST,0.640003442764282,0.503745675086975,-0.126682981848717
77,LEFT_ANKLE,0.357490450143814,0.801340281963348,0.418731838464737
77,LEFT_ELBOW,0.407367289066315,0.371619999408722,0.201802462339401
77,LEFT_HEEL,0.315966784954071,0.824218273162842,0.429780066013336
77,LEFT_HIP,0.457633405923843,0.493215084075928,0.136531308293343
77,LEFT_KNEE,0.473518282175064,0.64499419927597,0.297163605690002
77,LEFT_SHOULDER,0.416825234889984,0.248720914125443,0.0979660525918006
77,LEFT_WRIST,0.462908089160919,0.432796895503998,0.339620977640152
77,RIGHT_ANKLE,0.641328811645508,0.797335684299469,0.433491110801697
77,RIGHT_ELBOW,0.602162897586823,0.381697952747345,-0.327633380889893
77,RIGHT_HEEL,0.621951460838318,0.827247262001038,0.463078290224075
77,RIGHT_HIP,0.567409694194794,0.495131522417068,-0.137021064758301
77,RIGHT_KNEE,0.612493813037872,0.655087232589722,0.177397832274437
77,RIGHT_SHOULDER,0.590287566184998,0.228732690215111,-0.319349884986877
77,RIGHT_WRIST,0.652962446212769,0.503451764583588,-0.142837256193161
78,LEFT_ANKLE,0.36418679356575,0.7907475233078,0.334084242582321
78,LEFT_ELBOW,0.403375059366226,0.371149718761444,0.204308390617371
78,LEFT_HEEL,0.319005280733109,0.809771239757538,0.339379578828812
78,LEFT_HIP,0.463718205690384,0.492467135190964,0.134118437767029
78,LEFT_KNEE,0.486246019601822,0.640530943870544,0.253558963537216
78,LEFT_SHOULDER,0.416755259037018,0.24938739836216,0.0952171459794044
78,LEFT_WRIST,0.462905496358871,0.428992211818695,0.338694661855698
78,RIGHT_ANKLE,0.638936579227448,0.79791796207428,0.358065992593765
78,RIGHT_ELBOW,0.611867129802704,0.380300253629684,-0.32988429069519
78,RIGHT_HEEL,0.616879522800446,0.8273805975914,0.381323367357254
78,RIGHT_HIP,0.575941324234009,0.491653233766556,-0.134528502821922
78,RIGHT_KNEE,0.611839592456818,0.652990400791168,0.153865963220596
78,RIGHT_SHOULDER,0.596347272396088,0.22873255610466,-0.320293307304382
78,RIGHT_WRIST,0.66531890630722,0.500819861888885,-0.153502106666565
79,LEFT_ANKLE,0.369307786226273,0.782367587089539,0.283854365348816
79,LEFT_ELBOW,0.403612375259399,0.370717048645019,0.158554419875145
79,LEFT_HEEL,0.325818836688995,0.797582149505615,0.286573320627213
79,LEFT_HIP,0.469562441110611,0.4892258644104,0.128808885812759
79,LEFT_KNEE,0.500686645507812,0.633572638034821,0.212650582194328
79,LEFT_SHOULDER,0.416261434555054,0.248608976602554,0.0846252217888832
79,LEFT_WRIST,0.464498162269592,0.429079204797745,0.242080539464951
79,RIGHT_ANKLE,0.626244723796844,0.798514068126678,0.180119901895523
79,RIGHT_ELBOW,0.617249608039856,0.375206172466278,-0.331773847341537
79,RIGHT_HEEL,0.609304249286652,0.828306496143341,0.192714482545853
79,RIGHT_HIP,0.584351181983948,0.484488070011139,-0.129094079136848
79,RIGHT_KNEE,0.610816478729248,0.649021089076996,0.0637637451291084
79,RIGHT_SHOULDER,0.600566804409027,0.228402808308601,-0.305486232042313
79,RIGHT_WRIST,0.675715446472168,0.496792376041412,-0.217861622571945
80,LEFT_ANKLE,0.383064121007919,0.767886459827423,0.209952741861343
80,LEFT_ELBOW,0.403574049472809,0.371009856462479,0.118243508040905
80,LEFT_HEEL,0.342908680438995,0.778172194957733,0.209082365036011
80,LEFT_HIP,0.473952949047089,0.481612086296081,0.128562644124031
80,LEFT_KNEE,0.504907071590424,0.624842643737793,0.165959432721138
80,LEFT_SHOULDER,0.413107335567474,0.24794314801693,0.0762799978256225
80,LEFT_WRIST,0.454235970973969,0.447296947240829,0.157427430152893
80,RIGHT_ANKLE,0.605576932430267,0.795552968978882,0.0838231220841407
80,RIGHT_ELBOW,0.622330725193024,0.369837373495102,-0.339196443557739
80,RIGHT_HEEL,0.585049211978912,0.824986815452576,0.0916705057024955
80,RIGHT_HIP,0.587454319000244,0.475960850715637,-0.128836020827293
80,RIGHT_KNEE,0.609996795654297,0.643338561058044,0.0070143081247806
80,RIGHT_SHOULDER,0.601957678794861,0.22774775326252,-0.299377024173737
80,RIGHT_WRIST,0.689025282859802,0.490687340497971,-0.26652580499649
81,LEFT_ANKLE,0.404118299484253,0.758344411849976,0.371615886688232
81,LEFT_ELBOW,0.402481615543365,0.371960043907166,0.0713329687714576
81,LEFT_HEEL,0.375678986310959,0.771858692169189,0.382732748985291
81,LEFT_HIP,0.477351933717728,0.479111462831497,0.128689378499985
81,LEFT_KNEE,0.514982044696808,0.623708605766296,0.197911933064461
81,LEFT_SHOULDER,0.412591218948364,0.247449234127998,0.0622119158506393
81,LEFT_WRIST,0.436750054359436,0.473101079463959,0.0478809848427772
81,RIGHT_ANKLE,0.593256831169128,0.796088755130768,0.177219420671463
81,RIGHT_ELBOW,0.628002345561981,0.366845518350601,-0.375988870859146
81,RIGHT_HEEL,0.573918044567108,0.825301229953766,0.191612839698792
81,RIGHT_HIP,0.591094791889191,0.473966836929321,-0.129050850868225
81,RIGHT_KNEE,0.609447658061981,0.641410291194916,0.0292472932487726
81,RIGHT_SHOULDER,0.60372406244278,0.227289900183678,-0.312663286924362
81,RIGHT_WRIST,0.699238121509552,0.486165851354599,-0.321826219558716
82,LEFT_ANKLE,0.437937825918198,0.744668900966644,0.532588422298431
82,LEFT_ELBOW,0.402298033237457,0.372823536396027,0.0239847172051668
82,LEFT_HEEL,0.40769898891449,0.762651443481445,0.552032351493835
82,LEFT_HIP,0.477789163589477,0.474229514598846,0.132009819149971
82,LEFT_KNEE,0.519361615180969,0.615935921669006,0.307278901338577
82,LEFT_SHOULDER,0.411850154399872,0.247345462441444,0.0243965554982423
82,LEFT_WRIST,0.415464013814926,0.483310669660568,-0.0090483454987406
82,RIGHT_ANKLE,0.579791128635406,0.792599737644196,0.226863130927086
82,RIGHT_ELBOW,0.633401870727539,0.361299961805344,-0.375250339508057
82,RIGHT_HEEL,0.560877680778503,0.818951606750488,0.245039492845535
82,RIGHT_HIP,0.590184032917023,0.471006751060486,-0.132580280303955
82,RIGHT_KNEE,0.609316647052765,0.63458651304245,0.0474618673324584
82,RIGHT_SHOULDER,0.603381872177124,0.226959809660912,-0.313885062932968
82,RIGHT_WRIST,0.707503199577332,0.478917717933655,-0.287089824676514
83,LEFT_ANKLE,0.451901644468307,0.743000209331512,0.550657093524933
83,LEFT_ELBOW,0.401918768882751,0.375224947929382,0.0312210470438003
83,LEFT_HEEL,0.421291649341583,0.761564254760742,0.570230662822723
83,LEFT_HIP,0.4787777364254,0.471721440553665,0.142245694994926
83,LEFT_KNEE,0.526392757892609,0.611836373806,0.329016625881195
83,LEFT_SHOULDER,0.411806046962738,0.24713708460331,0.0344782844185829
83,LEFT_WRIST,0.406591296195984,0.485330134630203,-0.0025797626003623
83,RIGHT_ANKLE,0.573082745075226,0.791908144950867,0.225795090198517
83,RIGHT_ELBOW,0.638335049152374,0.359730184078216,-0.367925405502319
83,RIGHT_HEEL,0.553895771503448,0.816951036453247,0.244830936193466
83,RIGHT_HIP,0.589982151985168,0.468319326639175,-0.142996594309807
83,RIGHT_KNEE,0.611051559448242,0.631915152072906,0.0325177274644374
83,RIGHT_SHOULDER,0.602765083312988,0.226681679487228,-0.313704669475555
83,RIGHT_WRIST,0.710357129573822,0.471555858850479,-0.267523467540741
84,LEFT_ANKLE,0.47174283862114,0.742024838924408,0.550472974777222
84,LEFT_ELBOW,0.39962762594223,0.379226893186569,0.0307308789342641
84,LEFT_HEEL,0.436451852321625,0.760753870010376,0.569595038890839
84,LEFT_HIP,0.479229539632797,0.468597233295441,0.145294368267059
84,LEFT_KNEE,0.536589443683624,0.604314029216766,0.335355579853058
84,LEFT_SHOULDER,0.411284625530243,0.248274028301239,0.0332490056753158
84,LEFT_WRIST,0.402706205844879,0.489221125841141,0.0069139311090111
84,RIGHT_ANKLE,0.568830192089081,0.786870002746582,0.21746926009655
84,RIGHT_ELBOW,0.635499119758606,0.356950253248215,-0.355339556932449
84,RIGHT_HEEL,0.545881509780884,0.809200644493103,0.23654568195343
84,RIGHT_HIP,0.590531289577484,0.464917063713074,-0.146079301834106
84,RIGHT_KNEE,0.614101827144623,0.627686679363251,0.023019503802061
84,RIGHT_SHOULDER,0.602120280265808,0.226645618677139,-0.305816948413849
84,RIGHT_WRIST,0.708362102508545,0.464926064014435,-0.266546845436096
85,LEFT_ANKLE,0.490105479955673,0.742853701114655,0.590159237384796
85,LEFT_ELBOW,0.399519234895706,0.380710870027542,0.0180033072829246
85,LEFT_HEEL,0.459547251462936,0.763806760311127,0.611107289791107
85,LEFT_HIP,0.480626046657562,0.469027131795883,0.146416544914246
85,LEFT_KNEE,0.53883695602417,0.598291456699371,0.354557752609253
85,LEFT_SHOULDER,0.411304712295532,0.249099150300026,0.0164363533258438
85,LEFT_WRIST,0.403736084699631,0.49061307311058,-0.0011553332442417
85,RIGHT_ANKLE,0.557170033454895,0.782004475593567,0.219923242926598
85,RIGHT_ELBOW,0.635778427124023,0.357672035694122,-0.348062813282013
85,RIGHT_HEEL,0.535904109477997,0.805277109146118,0.240813359618187
85,RIGHT_HIP,0.590326488018036,0.465243697166443,-0.147224351763725
85,RIGHT_KNEE,0.613439679145813,0.626623928546906,0.0356894917786121
85,RIGHT_SHOULDER,0.60176157951355,0.226427003741264,-0.303085565567017
85,RIGHT_WRIST,0.709904789924622,0.46573880314827,-0.264502912759781
86,LEFT_ANKLE,0.547391891479492,0.732572317123413,0.702512562274933
86,LEFT_ELBOW,0.399889558553696,0.380943864583969,0.0344528071582317
86,LEFT_HEEL,0.529382884502411,0.751471996307373,0.727244734764099
86,LEFT_HIP,0.484026968479156,0.465257227420807,0.148249730467796
86,LEFT_KNEE,0.54951685667038,0.593858540058136,0.429912954568863
86,LEFT_SHOULDER,0.412613809108734,0.249708458781242,0.030313953757286
86,LEFT_WRIST,0.406920164823532,0.488472729921341,0.0213047619909048
86,RIGHT_ANKLE,0.55286180973053,0.782329678535461,0.211330845952034
86,RIGHT_ELBOW,0.636140048503876,0.357647180557251,-0.326553732156753
86,RIGHT_HEEL,0.530113279819489,0.806523859500885,0.230464711785316
86,RIGHT_HIP,0.589194416999817,0.463604748249054,-0.149089723825455
86,RIGHT_KNEE,0.610396325588226,0.626223981380463,0.0302316769957542
86,RIGHT_SHOULDER,0.601348161697388,0.2262963950634,-0.300968915224075
86,RIGHT_WRIST,0.709459006786346,0.463605403900146,-0.200829222798347
87,LEFT_ANKLE,0.577817797660828,0.701666116714478,0.854929387569427
87,LEFT_ELBOW,0.400078535079956,0.381170958280563,-0.0069829067215323
87,LEFT_HEEL,0.565834760665894,0.725479364395142,0.888306260108948
87,LEFT_HIP,0.488841652870178,0.465539038181305,0.14788293838501
87,LEFT_KNEE,0.55269593000412,0.588264226913452,0.506747841835022
87,LEFT_SHOULDER,0.413018822669983,0.25015452504158,-0.0177433844655752
87,LEFT_WRIST,0.409302324056625,0.487994968891144,-0.0167772360146045
87,RIGHT_ANKLE,0.53933984041214,0.782045364379883,0.202539905905723
87,RIGHT_ELBOW,0.634781062602997,0.357580840587616,-0.324889898300171
87,RIGHT_HEEL,0.518030405044556,0.807436764240265,0.219599202275276
87,RIGHT_HIP,0.589182436466217,0.464785575866699,-0.148730769753456
87,RIGHT_KNEE,0.604329884052277,0.628192782402039,0.0278228558599948
87,RIGHT_SHOULDER,0.601117849349976,0.226170495152473,-0.302734434604645
87,RIGHT_WRIST,0.708356916904449,0.46068400144577,-0.195605576038361
88,LEFT_ANKLE,0.610452175140381,0.686647772789001,0.942682981491089
88,LEFT_ELBOW,0.400739967823029,0.380608797073364,-0.0040009813383221
88,LEFT_HEEL,0.599718868732452,0.707514047622681,0.979707598686218
88,LEFT_HIP,0.492316484451294,0.466434419155121,0.151025161147118
88,LEFT_KNEE,0.559316515922546,0.582526445388794,0.554834604263306
88,LEFT_SHOULDER,0.413369119167328,0.25012531876564,-0.0190367456525564
88,LEFT_WRIST,0.410547345876694,0.485310614109039,-0.0258982479572296
88,RIGHT_ANKLE,0.535893738269806,0.783023297786713,0.205907344818115
88,RIGHT_ELBOW,0.633854687213898,0.3560511469841,-0.356497794389725
88,RIGHT_HEEL,0.510713398456573,0.808508932590485,0.223557591438293
88,RIGHT_HIP,0.588982164859772,0.465557247400284,-0.151813536882401
88,RIGHT_KNEE,0.600200474262238,0.631271123886108,0.019649289548397
88,RIGHT_SHOULDER,0.600935459136963,0.22604501247406,-0.341144174337387
88,RIGHT_WRIST,0.70805412530899,0.45739734172821,-0.2115797996521
89,LEFT_ANKLE,0.604005634784698,0.696414828300476,0.910797297954559
89,LEFT_ELBOW,0.403463274240494,0.379853457212448,0.0146153979003429
89,LEFT_HEEL,0.597793400287628,0.715707182884216,0.945759296417236
89,LEFT_HIP,0.494053393602371,0.465877950191498,0.157945036888123
89,LEFT_KNEE,0.558661222457886,0.583449721336365,0.54261189699173
89,LEFT_SHOULDER,0.416409194469452,0.250257641077042,-0.0007967133424244
89,LEFT_WRIST,0.414249271154404,0.483846127986908,-0.0158244781196117
89,RIGHT_ANKLE,0.533562421798706,0.783050954341888,0.151742190122604
89,RIGHT_ELBOW,0.632444500923157,0.355097770690918,-0.366397619247437
89,RIGHT_HEEL,0.511772215366364,0.809151232242584,0.166075602173805
89,RIGHT_HIP,0.58999764919281,0.4656682908535,-0.158775523304939
89,RIGHT_KNEE,0.596315801143646,0.631918609142303,-0.0083373533561825
89,RIGHT_SHOULDER,0.600786983966827,0.225938975811005,-0.335961163043976
89,RIGHT_WRIST,0.706472873687744,0.456569403409958,-0.262749344110489
90,LEFT_ANKLE,0.59913170337677,0.697308719158173,0.928295910358429
90,LEFT_ELBOW,0.407121568918228,0.379561305046081,0.0111151551827788
90,LEFT_HEEL,0.588861703872681,0.720937609672546,0.964182496070862
90,LEFT_HIP,0.495627552270889,0.466485202312469,0.166455149650574
90,LEFT_KNEE,0.559317409992218,0.585054695606232,0.551174402236938
90,LEFT_SHOULDER,0.422827482223511,0.250423014163971,-0.0010232728673145
90,LEFT_WRIST,0.429168701171875,0.483333051204681,-0.0297951940447092
90,RIGHT_ANKLE,0.533495903015137,0.782748162746429,0.180265858769417
90,RIGHT_ELBOW,0.632307410240173,0.353738725185394,-0.417492389678955
90,RIGHT_HEEL,0.513577818870544,0.809364795684814,0.196959853172302
90,RIGHT_HIP,0.591408133506775,0.465896457433701,-0.167287304997444
90,RIGHT_KNEE,0.595451235771179,0.632122695446014,0.0004181225667707
90,RIGHT_SHOULDER,0.60103166103363,0.225389495491982,-0.363785833120346
90,RIGHT_WRIST,0.705578982830048,0.456687986850739,-0.342369168996811
91,LEFT_ANKLE,0.628246009349823,0.703750371932983,1.03744041919708
91,LEFT_ELBOW,0.417859435081482,0.376118272542953,0.0801245644688606
91,LEFT_HEEL,0.623202204704285,0.726472198963165,1.07819080352783
91,LEFT_HIP,0.507323563098907,0.468340992927551,0.188092485070228
91,LEFT_KNEE,0.585027456283569,0.587017178535461,0.619499742984772
91,LEFT_SHOULDER,0.446003675460815,0.248976871371269,0.0546308048069477
91,LEFT_WRIST,0.45218226313591,0.480407327413559,-0.0177082326263189
91,RIGHT_ANKLE,0.537310242652893,0.778817534446716,0.183902144432068
91,RIGHT_ELBOW,0.63185578584671,0.353024989366531,-0.477304667234421
91,RIGHT_HEEL,0.517078697681427,0.806434154510498,0.207630544900894
91,RIGHT_HIP,0.600763201713562,0.466552406549454,-0.189080119132996
91,RIGHT_KNEE,0.595792889595032,0.630862712860107,-0.0020870191510766
91,RIGHT_SHOULDER,0.602875888347626,0.224883750081062,-0.400274157524109
91,RIGHT_WRIST,0.704914808273315,0.4565349817276,-0.408264636993408
92,LEFT_ANKLE,0.629965662956238,0.706373393535614,0.9180046916008
92,LEFT_ELBOW,0.429237276315689,0.376079440116882,0.133469298481941
92,LEFT_HEEL,0.618384122848511,0.738295435905457,0.951062560081482
92,LEFT_HIP,0.511919319629669,0.47382590174675,0.186436474323273
92,LEFT_KNEE,0.585951387882233,0.595105350017548,0.568287372589111
92,LEFT_SHOULDER,0.450354933738708,0.250371664762497,0.0920631140470504
92,LEFT_WRIST,0.472281366586685,0.471360713243484,0.104625418782234
92,RIGHT_ANKLE,0.534659504890442,0.779199540615082,0.148725941777229
92,RIGHT_ELBOW,0.62926059961319,0.358507037162781,-0.437755525112152
92,RIGHT_HEEL,0.517745018005371,0.805604994297028,0.167548611760139
92,RIGHT_HIP,0.601733982563019,0.471602708101273,-0.187292903661728
92,RIGHT_KNEE,0.595302104949951,0.630860090255737,-0.0280429869890213
92,RIGHT_SHOULDER,0.601707696914673,0.228247866034508,-0.381340771913528
92,RIGHT_WRIST,0.692935824394226,0.457877784967422,-0.344825774431229
93,LEFT_ANKLE,0.62470018863678,0.71747237443924,0.843817055225372
93,LEFT_ELBOW,0.436186075210571,0.374234080314636,0.135948002338409
93,LEFT_HEEL,0.614503681659698,0.747883081436157,0.867980480194092
93,LEFT_HIP,0.515081584453583,0.476771622896194,0.182527735829353
93,LEFT_KNEE,0.584693372249603,0.602420449256897,0.550706386566162
93,LEFT_SHOULDER,0.458106130361557,0.251089245080948,0.093238778412342
93,LEFT_WRIST,0.48247218132019,0.454835772514343,0.134611964225769
93,RIGHT_ANKLE,0.532410800457001,0.776826560497284,0.118741415441036
93,RIGHT_ELBOW,0.629124104976654,0.363887250423431,-0.41685763001442
93,RIGHT_HEEL,0.517202198505402,0.802688241004944,0.134988501667976
93,RIGHT_HIP,0.601733684539795,0.474507331848144,-0.183445394039154
93,RIGHT_KNEE,0.595470726490021,0.628916621208191,-0.0329359099268913
93,RIGHT_SHOULDER,0.601597666740417,0.23117969930172,-0.375333547592163
93,RIGHT_WRIST,0.685546159744263,0.467876076698303,-0.275613218545914
94,LEFT_ANKLE,0.61908096075058,0.719263076782227,0.802438795566559
94,LEFT_ELBOW,0.442625135183334,0.368000626564026,0.143101513385773
94,LEFT_HEEL,0.610707342624664,0.749887108802795,0.826289415359497
94,LEFT_HIP,0.517418026924133,0.476592391729355,0.180878818035126
94,LEFT_KNEE,0.581604182720184,0.602461695671082,0.524246513843536
94,LEFT_SHOULDER,0.468380331993103,0.249244213104248,0.0892526879906654
94,LEFT_WRIST,0.49139067530632,0.437907159328461,0.145729348063469
94,RIGHT_ANKLE,0.531672477722168,0.773486196994781,0.0952343493700027
94,RIGHT_ELBOW,0.629025399684906,0.367724508047104,-0.392354071140289
94,RIGHT_HEEL,0.513904869556427,0.800275027751923,0.109370030462742
94,RIGHT_HIP,0.601172268390656,0.474938571453094,-0.1818937510252
94,RIGHT_KNEE,0.595571637153625,0.62540876865387,-0.0429650098085403
94,RIGHT_SHOULDER,0.601642847061157,0.232517942786217,-0.370503932237625
94,RIGHT_WRIST,0.679411232471466,0.474749028682709,-0.258500665426254
95,LEFT_ANKLE,0.607747614383698,0.72583544254303,0.701581180095673
95,LEFT_ELBOW,0.456931859254837,0.364075124263763,0.147312685847282
95,LEFT_HEEL,0.597253322601318,0.753730237483978,0.72311669588089
95,LEFT_HIP,0.519188106060028,0.476493775844574,0.179622948169708
95,LEFT_KNEE,0.57809180021286,0.603957772254944,0.442874610424042
95,LEFT_SHOULDER,0.470729023218155,0.246869638562202,0.0876329541206359
95,LEFT_WRIST,0.501057207584381,0.431980937719345,0.154644951224327
95,RIGHT_ANKLE,0.529987215995789,0.772613048553467,0.126367926597595
95,RIGHT_ELBOW,0.628047049045563,0.371277242898941,-0.397508472204208
95,RIGHT_HEEL,0.509439647197723,0.799874067306519,0.142186313867569
95,RIGHT_HIP,0.600776314735413,0.474894106388092,-0.180757015943527
95,RIGHT_KNEE,0.595934212207794,0.624536991119385,-0.0349503606557846
95,RIGHT_SHOULDER,0.598924934864044,0.232326835393906,-0.375248044729233
95,RIGHT_WRIST,0.671615839004517,0.477619498968124,-0.287219882011414
96,LEFT_ANKLE,0.604787468910217,0.726124048233032,0.693981945514679
96,LEFT_ELBOW,0.460982918739319,0.362811088562012,0.141426518559456
96,LEFT_HEEL,0.59144788980484,0.753353357315063,0.714564144611359
96,LEFT_HIP,0.519022941589355,0.476383060216904,0.177568510174751
96,LEFT_KNEE,0.577453196048737,0.603784561157227,0.433065921068191
96,LEFT_SHOULDER,0.472062468528748,0.245194047689438,0.084534965455532
96,LEFT_WRIST,0.502428114414215,0.428562492132187,0.140816748142242
96,RIGHT_ANKLE,0.523991882801056,0.770033121109009,0.0183346569538116
96,RIGHT_ELBOW,0.621123611927032,0.370282858610153,-0.419387936592102
96,RIGHT_HEEL,0.49748632311821,0.798430979251862,0.0268566701561212
96,RIGHT_HIP,0.599057495594025,0.475393205881119,-0.178553149104118
96,RIGHT_KNEE,0.593726634979248,0.62364649772644,-0.0889609307050705
96,RIGHT_SHOULDER,0.591921269893646,0.232902899384499,-0.384258717298508
96,RIGHT_WRIST,0.658607244491577,0.478913158178329,-0.348280429840088
